Workbook

Sheet Sheet 22
A1: Name | B1: Date | C1: Time In | D1: Time Out | E1: Worked Minutes | F1: Late Minutes | G1: Less Than 8 Hours | H1: Status | I1: Target time | J1: Comments
A2: Sheet 21 | B2: 2026-01-01 | C2: 9:03 AM | D2: 5:21 PM | E2: =IF(OR(C2="Absent",D2="Absent",C2="",D2=""),"", (D2-C2)*1440) -> 498 | F2: =IF(OR(C2="",C2="Absent"),"", MAX(0,(C2 - TIME(8,50,0))*1440)) -> 13 | G2: =IF(C2="","", MAX(0,480 - E2)) -> 0 | H2: =IF(OR(TRIM(C2)="Absent", TRIM(C2)="ABSENT"), "Absent", IF(OR(TRIM(C2)="", TRIM(C2)="-", TRIM(D2)="", TRIM(D2)="-"), "Missing", IF( IF(ISNUMBER(C2), C2, IFERROR(TIMEVALUE(C2), 0)) < TIME(8,30,0), "Early", IF( AND( IF(ISNUMBER(C2), C2, IFERROR(TIMEVALUE(C2), 0)) >= TIME(8,30,0), IF(ISNUMBER(C2), C2, IFERROR(TIMEVALUE(C2), 0)) <= TIME(8,50,0), (IF(ISNUMBER(D2), D2, IFERROR(TIMEVALUE(D2), 0)) - IF(ISNUMBER(C2), C2, IFERROR(TIMEVALUE(C2), 0))) >= TIME(8,0,0) ), "On Time", "Late" ) ) ) ) -> Late | I2: 480
A3: Sheet 21 | B3: 2026-01-02 | C3: 9:08 AM | D3: 5:23 PM | E3: =IF(OR(C3="Absent",D3="Absent",C3="",D3=""),"", (D3-C3)*1440) -> 495 | F3: =IF(OR(C3="",C3="Absent"),"", MAX(0,(C3 - TIME(8,50,0))*1440)) -> 18 | G3: =IF(C3="","", MAX(0,480 - E3)) -> 0 | H3: =IF(OR(TRIM(C3)="Absent", TRIM(C3)="ABSENT"), "Absent", IF(OR(TRIM(C3)="", TRIM(C3)="-", TRIM(D3)="", TRIM(D3)="-"), "Missing", IF( IF(ISNUMBER(C3), C3, IFERROR(TIMEVALUE(C3), 0)) < TIME(8,30,0), "Early", IF( AND( IF(ISNUMBER(C3), C3, IFERROR(TIMEVALUE(C3), 0)) >= TIME(8,30,0), IF(ISNUMBER(C3), C3, IFERROR(TIMEVALUE(C3), 0)) <= TIME(8,50,0), (IF(ISNUMBER(D3), D3, IFERROR(TIMEVALUE(D3), 0)) - IF(ISNUMBER(C3), C3, IFERROR(TIMEVALUE(C3), 0))) >= TIME(8,0,0) ), "On Time", "Late" ) ) ) ) -> Late | I3: 480
A4: Sheet 21 | B4: 2026-01-05 | C4: 9:14 AM | D4: 9:14 AM | E4: =IF(OR(C4="Absent",D4="Absent",C4="",D4=""),"", (D4-C4)*1440) -> 0 | F4: =IF(OR(C4="",C4="Absent"),"", MAX(0,(C4 - TIME(8,50,0))*1440)) -> 24 | G4: =IF(C4="","", MAX(0,480 - E4)) -> 480 | H4: =IF(OR(TRIM(C4)="Absent", TRIM(C4)="ABSENT"), "Absent", IF(OR(TRIM(C4)="", TRIM(C4)="-", TRIM(D4)="", TRIM(D4)="-"), "Missing", IF( IF(ISNUMBER(C4), C4, IFERROR(TIMEVALUE(C4), 0)) < TIME(8,30,0), "Early", IF( AND( IF(ISNUMBER(C4), C4, IFERROR(TIMEVALUE(C4), 0)) >= TIME(8,30,0), IF(ISNUMBER(C4), C4, IFERROR(TIMEVALUE(C4), 0)) <= TIME(8,50,0), (IF(ISNUMBER(D4), D4, IFERROR(TIMEVALUE(D4), 0)) - IF(ISNUMBER(C4), C4, IFERROR(TIMEVALUE(C4), 0))) >= TIME(8,0,0) ), "On Time", "Late" ) ) ) ) -> Late | I4: 480
A5: Sheet 21 | B5: 2026-01-06 | C5: 9:13 AM | D5: 5:19 PM | E5: =IF(OR(C5="Absent",D5="Absent",C5="",D5=""),"", (D5-C5)*1440) -> 486 | F5: =IF(OR(C5="",C5="Absent"),"", MAX(0,(C5 - TIME(8,50,0))*1440)) -> 23 | G5: =IF(C5="","", MAX(0,480 - E5)) -> 0 | H5: =IF(OR(TRIM(C5)="Absent", TRIM(C5)="ABSENT"), "Absent", IF(OR(TRIM(C5)="", TRIM(C5)="-", TRIM(D5)="", TRIM(D5)="-"), "Missing", IF( IF(ISNUMBER(C5), C5, IFERROR(TIMEVALUE(C5), 0)) < TIME(8,30,0), "Early", IF( AND( IF(ISNUMBER(C5), C5, IFERROR(TIMEVALUE(C5), 0)) >= TIME(8,30,0), IF(ISNUMBER(C5), C5, IFERROR(TIMEVALUE(C5), 0)) <= TIME(8,50,0), (IF(ISNUMBER(D5), D5, IFERROR(TIMEVALUE(D5), 0)) - IF(ISNUMBER(C5), C5, IFERROR(TIMEVALUE(C5), 0))) >= TIME(8,0,0) ), "On Time", "Late" ) ) ) ) -> Late | I5: 480
A6: Sheet 21 | B6: 2026-01-07 | C6: 9:23 AM | D6: - | E6: =IF(OR(C6="Absent",D6="Absent",C6="",D6=""),"", (D6-C6)*1440) -> #VALUE! | F6: =IF(OR(C6="",C6="Absent"),"", MAX(0,(C6 - TIME(8,50,0))*1440)) -> 33 | G6: =IF(C6="","", MAX(0,480 - E6)) -> #VALUE! | H6: =IF(OR(TRIM(C6)="Absent", TRIM(C6)="ABSENT"), "Absent", IF(OR(TRIM(C6)="", TRIM(C6)="-", TRIM(D6)="", TRIM(D6)="-"), "Missing", IF( IF(ISNUMBER(C6), C6, IFERROR(TIMEVALUE(C6), 0)) < TIME(8,30,0), "Early", IF( AND( IF(ISNUMBER(C6), C6, IFERROR(TIMEVALUE(C6), 0)) >= TIME(8,30,0), IF(ISNUMBER(C6), C6, IFERROR(TIMEVALUE(C6), 0)) <= TIME(8,50,0), (IF(ISNUMBER(D6), D6, IFERROR(TIMEVALUE(D6), 0)) - IF(ISNUMBER(C6), C6, IFERROR(TIMEVALUE(C6), 0))) >= TIME(8,0,0) ), "On Time", "Late" ) ) ) ) -> Missing | I6: 480
A7: Sheet 21 | B7: 2026-01-08 | C7: 9:04 AM | D7: 5:12 PM | E7: =IF(OR(C7="Absent",D7="Absent",C7="",D7=""),"", (D7-C7)*1440) -> 488 | F7: =IF(OR(C7="",C7="Absent"),"", MAX(0,(C7 - TIME(8,50,0))*1440)) -> 14 | G7: =IF(C7="","", MAX(0,480 - E7)) -> 0 | H7: =IF(OR(TRIM(C7)="Absent", TRIM(C7)="ABSENT"), "Absent", IF(OR(TRIM(C7)="", TRIM(C7)="-", TRIM(D7)="", TRIM(D7)="-"), "Missing", IF( IF(ISNUMBER(C7), C7, IFERROR(TIMEVALUE(C7), 0)) < TIME(8,30,0), "Early", IF( AND( IF(ISNUMBER(C7), C7, IFERROR(TIMEVALUE(C7), 0)) >= TIME(8,30,0), IF(ISNUMBER(C7), C7, IFERROR(TIMEVALUE(C7), 0)) <= TIME(8,50,0), (IF(ISNUMBER(D7), D7, IFERROR(TIMEVALUE(D7), 0)) - IF(ISNUMBER(C7), C7, IFERROR(TIMEVALUE(C7), 0))) >= TIME(8,0,0) ), "On Time", "Late" ) ) ) ) -> Late | I7: 480
A8: Sheet 21 | B8: 2026-01-09 | C8: 9:18 AM | D8: 5:34 PM | E8: =IF(OR(C8="Absent",D8="Absent",C8="",D8=""),"", (D8-C8)*1440) -> 496 | F8: =IF(OR(C8="",C8="Absent"),"", MAX(0,(C8 - TIME(8,50,0))*1440)) -> 28 | G8: =IF(C8="","", MAX(0,480 - E8)) -> 0 | H8: =IF(OR(TRIM(C8)="Absent", TRIM(C8)="ABSENT"), "Absent", IF(OR(TRIM(C8)="", TRIM(C8)="-", TRIM(D8)="", TRIM(D8)="-"), "Missing", IF( IF(ISNUMBER(C8), C8, IFERROR(TIMEVALUE(C8), 0)) < TIME(8,30,0), "Early", IF( AND( IF(ISNUMBER(C8), C8, IFERROR(TIMEVALUE(C8), 0)) >= TIME(8,30,0), IF(ISNUMBER(C8), C8, IFERROR(TIMEVALUE(C8), 0)) <= TIME(8,50,0), (IF(ISNUMBER(D8), D8, IFERROR(TIMEVALUE(D8), 0)) - IF(ISNUMBER(C8), C8, IFERROR(TIMEVALUE(C8), 0))) >= TIME(8,0,0) ), "On Time", "Late" ) ) ) ) -> Late | I8: 480
A9: Sheet 21 | B9: 2026-01-12 | C9: 9:11 AM | D9: 5:21 PM | E9: =IF(OR(C9="Absent",D9="Absent",C9="",D9=""),"", (D9-C9)*1440) -> 490 | F9: =IF(OR(C9="",C9="Absent"),"", MAX(0,(C9 - TIME(8,50,0))*1440)) -> 21 | G9: =IF(C9="","", MAX(0,480 - E9)) -> 0 | H9: =IF(OR(TRIM(C9)="Absent", TRIM(C9)="ABSENT"), "Absent", IF(OR(TRIM(C9)="", TRIM(C9)="-", TRIM(D9)="", TRIM(D9)="-"), "Missing", IF( IF(ISNUMBER(C9), C9, IFERROR(TIMEVALUE(C9), 0)) < TIME(8,30,0), "Early", IF( AND( IF(ISNUMBER(C9), C9, IFERROR(TIMEVALUE(C9), 0)) >= TIME(8,30,0), IF(ISNUMBER(C9), C9, IFERROR(TIMEVALUE(C9), 0)) <= TIME(8,50,0), (IF(ISNUMBER(D9), D9, IFERROR(TIMEVALUE(D9), 0)) - IF(ISNUMBER(C9), C9, IFERROR(TIMEVALUE(C9), 0))) >= TIME(8,0,0) ), "On Time", "Late" ) ) ) ) -> Late | I9: 480
A10: Sheet 21 | B10: 2026-01-13 | C10: 9:05 AM | D10: 5:21 PM | E10: =IF(OR(C10="Absent",D10="Absent",C10="",D10=""),"", (D10-C10)*1440) -> 496 | F10: =IF(OR(C10="",C10="Absent"),"", MAX(0,(C10 - TIME(8,50,0))*1440)) -> 15 | G10: =IF(C10="","", MAX(0,480 - E10)) -> 0 | H10: =IF(OR(TRIM(C10)="Absent", TRIM(C10)="ABSENT"), "Absent", IF(OR(TRIM(C10)="", TRIM(C10)="-", TRIM(D10)="", TRIM(D10)="-"), "Missing", IF( IF(ISNUMBER(C10), C10, IFERROR(TIMEVALUE(C10), 0)) < TIME(8,30,0), "Early", IF( AND( IF(ISNUMBER(C10), C10, IFERROR(TIMEVALUE(C10), 0)) >= TIME(8,30,0), IF(ISNUMBER(C10), C10, IFERROR(TIMEVALUE(C10), 0)) <= TIME(8,50,0), (IF(ISNUMBER(D10), D10, IFERROR(TIMEVALUE(D10), 0)) - IF(ISNUMBER(C10), C10, IFERROR(TIMEVALUE(C10), 0))) >= TIME(8,0,0) ), "On Time", "Late" ) ) ) ) -> Late | I10: 480
A11: Sheet 21 | B11: 2026-01-14 | C11: 9:05 AM | D11: 5:29 PM | E11: =IF(OR(C11="Absent",D11="Absent",C11="",D11=""),"", (D11-C11)*1440) -> 504 | F11: =IF(OR(C11="",C11="Absent"),"", MAX(0,(C11 - TIME(8,50,0))*1440)) -> 15 | G11: =IF(C11="","", MAX(0,480 - E11)) -> 0 | H11: =IF(OR(TRIM(C11)="Absent", TRIM(C11)="ABSENT"), "Absent", IF(OR(TRIM(C11)="", TRIM(C11)="-", TRIM(D11)="", TRIM(D11)="-"), "Missing", IF( IF(ISNUMBER(C11), C11, IFERROR(TIMEVALUE(C11), 0)) < TIME(8,30,0), "Early", IF( AND( IF(ISNUMBER(C11), C11, IFERROR(TIMEVALUE(C11), 0)) >= TIME(8,30,0), IF(ISNUMBER(C11), C11, IFERROR(TIMEVALUE(C11), 0)) <= TIME(8,50,0), (IF(ISNUMBER(D11), D11, IFERROR(TIMEVALUE(D11), 0)) - IF(ISNUMBER(C11), C11, IFERROR(TIMEVALUE(C11), 0))) >= TIME(8,0,0) ), "On Time", "Late" ) ) ) ) -> Late | I11: 480
A12: Sheet 21 | B12: 2026-01-15 | C12: 9:15 AM | D12: 5:40 PM | E12: =IF(OR(C12="Absent",D12="Absent",C12="",D12=""),"", (D12-C12)*1440) -> 505 | F12: =IF(OR(C12="",C12="Absent"),"", MAX(0,(C12 - TIME(8,50,0))*1440)) -> 25 | G12: =IF(C12="","", MAX(0,480 - E12)) -> 0 | H12: =IF(OR(TRIM(C12)="Absent", TRIM(C12)="ABSENT"), "Absent", IF(OR(TRIM(C12)="", TRIM(C12)="-", TRIM(D12)="", TRIM(D12)="-"), "Missing", IF( IF(ISNUMBER(C12), C12, IFERROR(TIMEVALUE(C12), 0)) < TIME(8,30,0), "Early", IF( AND( IF(ISNUMBER(C12), C12, IFERROR(TIMEVALUE(C12), 0)) >= TIME(8,30,0), IF(ISNUMBER(C12), C12, IFERROR(TIMEVALUE(C12), 0)) <= TIME(8,50,0), (IF(ISNUMBER(D12), D12, IFERROR(TIMEVALUE(D12), 0)) - IF(ISNUMBER(C12), C12, IFERROR(TIMEVALUE(C12), 0))) >= TIME(8,0,0) ), "On Time", "Late" ) ) ) ) -> Late | I12: 480
A13: Sheet 21 | B13: 2026-01-16 | C13: 9:03 AM | D13: 5:47 PM | E13: =IF(OR(C13="Absent",D13="Absent",C13="",D13=""),"", (D13-C13)*1440) -> 524 | F13: =IF(OR(C13="",C13="Absent"),"", MAX(0,(C13 - TIME(8,50,0))*1440)) -> 13 | G13: =IF(C13="","", MAX(0,480 - E13)) -> 0 | H13: =IF(OR(TRIM(C13)="Absent", TRIM(C13)="ABSENT"), "Absent", IF(OR(TRIM(C13)="", TRIM(C13)="-", TRIM(D13)="", TRIM(D13)="-"), "Missing", IF( IF(ISNUMBER(C13), C13, IFERROR(TIMEVALUE(C13), 0)) < TIME(8,30,0), "Early", IF( AND( IF(ISNUMBER(C13), C13, IFERROR(TIMEVALUE(C13), 0)) >= TIME(8,30,0), IF(ISNUMBER(C13), C13, IFERROR(TIMEVALUE(C13), 0)) <= TIME(8,50,0), (IF(ISNUMBER(D13), D13, IFERROR(TIMEVALUE(D13), 0)) - IF(ISNUMBER(C13), C13, IFERROR(TIMEVALUE(C13), 0))) >= TIME(8,0,0) ), "On Time", "Late" ) ) ) ) -> Late | I13: 480
... A23: Sheet 21 | B23: 2026-01-30 | C23: 9:27 AM | D23: 5:33 PM | E23: =IF(OR(C23="Absent",D23="Absent",C23="",D23=""),"", (D23-C23)*1440) -> 486 | F23: =IF(OR(C23="",C23="Absent"),"", MAX(0,(C23 - TIME(8,50,0))*1440)) -> 37 | G23: =IF(C23="","", MAX(0,480 - E23)) -> 0 | H23: =IF(OR(TRIM(C23)="Absent", TRIM(C23)="ABSENT"), "Absent", IF(OR(TRIM(C23)="", TRIM(C23)="-", TRIM(D23)="", TRIM(D23)="-"), "Missing", IF( IF(ISNUMBER(C23), C23, IFERROR(TIMEVALUE(C23), 0)) < TIME(8,30,0), "Early", IF( AND( IF(ISNUMBER(C23), C23, IFERROR(TIMEVALUE(C23), 0)) >= TIME(8,30,0), IF(ISNUMBER(C23), C23, IFERROR(TIMEVALUE(C23), 0)) <= TIME(8,50,0), (IF(ISNUMBER(D23), D23, IFERROR(TIMEVALUE(D23), 0)) - IF(ISNUMBER(C23), C23, IFERROR(TIMEVALUE(C23), 0))) >= TIME(8,0,0) ), "On Time", "Late" ) ) ) ) -> Late | I23: 480

Sheet Sheet 21
A1: Name | B1: Date | C1: Time In | D1: Time Out | E1: Worked Minutes | F1: Late Minutes | G1: Less Than 8 Hours | H1: Status | I1: Target time | J1: Comments
A2: Sheet 21 | B2: 2026-01-01 | C2: 9:03 AM | D2: 5:21 PM | E2: =IF(OR(C2="Absent",D2="Absent",C2="",D2=""),"", (D2-C2)*1440) -> 498 | F2: =IF(OR(C2="",C2="Absent"),"", MAX(0,(C2 - TIME(8,50,0))*1440)) -> 13 | G2: =IF(C2="","", MAX(0,480 - E2)) -> 0 | H2: =IF(OR(TRIM(C2)="Absent", TRIM(C2)="ABSENT"), "Absent", IF(OR(TRIM(C2)="", TRIM(C2)="-", TRIM(D2)="", TRIM(D2)="-"), "Missing", IF( IF(ISNUMBER(C2), C2, IFERROR(TIMEVALUE(C2), 0)) < TIME(8,30,0), "Early", IF( AND( IF(ISNUMBER(C2), C2, IFERROR(TIMEVALUE(C2), 0)) >= TIME(8,30,0), IF(ISNUMBER(C2), C2, IFERROR(TIMEVALUE(C2), 0)) <= TIME(8,50,0), (IF(ISNUMBER(D2), D2, IFERROR(TIMEVALUE(D2), 0)) - IF(ISNUMBER(C2), C2, IFERROR(TIMEVALUE(C2), 0))) >= TIME(8,0,0) ), "On Time", "Late" ) ) ) ) -> Late | I2: 480
A3: Sheet 21 | B3: 2026-01-02 | C3: 9:08 AM | D3: 5:23 PM | E3: =IF(OR(C3="Absent",D3="Absent",C3="",D3=""),"", (D3-C3)*1440) -> 495 | F3: =IF(OR(C3="",C3="Absent"),"", MAX(0,(C3 - TIME(8,50,0))*1440)) -> 18 | G3: =IF(C3="","", MAX(0,480 - E3)) -> 0 | H3: =IF(OR(TRIM(C3)="Absent", TRIM(C3)="ABSENT"), "Absent", IF(OR(TRIM(C3)="", TRIM(C3)="-", TRIM(D3)="", TRIM(D3)="-"), "Missing", IF( IF(ISNUMBER(C3), C3, IFERROR(TIMEVALUE(C3), 0)) < TIME(8,30,0), "Early", IF( AND( IF(ISNUMBER(C3), C3, IFERROR(TIMEVALUE(C3), 0)) >= TIME(8,30,0), IF(ISNUMBER(C3), C3, IFERROR(TIMEVALUE(C3), 0)) <= TIME(8,50,0), (IF(ISNUMBER(D3), D3, IFERROR(TIMEVALUE(D3), 0)) - IF(ISNUMBER(C3), C3, IFERROR(TIMEVALUE(C3), 0))) >= TIME(8,0,0) ), "On Time", "Late" ) ) ) ) -> Late | I3: 480
A4: Sheet 21 | B4: 2026-01-05 | C4: 9:14 AM | D4: 9:14 AM | E4: =IF(OR(C4="Absent",D4="Absent",C4="",D4=""),"", (D4-C4)*1440) -> 0 | F4: =IF(OR(C4="",C4="Absent"),"", MAX(0,(C4 - TIME(8,50,0))*1440)) -> 24 | G4: =IF(C4="","", MAX(0,480 - E4)) -> 480 | H4: =IF(OR(TRIM(C4)="Absent", TRIM(C4)="ABSENT"), "Absent", IF(OR(TRIM(C4)="", TRIM(C4)="-", TRIM(D4)="", TRIM(D4)="-"), "Missing", IF( IF(ISNUMBER(C4), C4, IFERROR(TIMEVALUE(C4), 0)) < TIME(8,30,0), "Early", IF( AND( IF(ISNUMBER(C4), C4, IFERROR(TIMEVALUE(C4), 0)) >= TIME(8,30,0), IF(ISNUMBER(C4), C4, IFERROR(TIMEVALUE(C4), 0)) <= TIME(8,50,0), (IF(ISNUMBER(D4), D4, IFERROR(TIMEVALUE(D4), 0)) - IF(ISNUMBER(C4), C4, IFERROR(TIMEVALUE(C4), 0))) >= TIME(8,0,0) ), "On Time", "Late" ) ) ) ) -> Late | I4: 480
A5: Sheet 21 | B5: 2026-01-06 | C5: 9:13 AM | D5: 5:19 PM | E5: =IF(OR(C5="Absent",D5="Absent",C5="",D5=""),"", (D5-C5)*1440) -> 486 | F5: =IF(OR(C5="",C5="Absent"),"", MAX(0,(C5 - TIME(8,50,0))*1440)) -> 23 | G5: =IF(C5="","", MAX(0,480 - E5)) -> 0 | H5: =IF(OR(TRIM(C5)="Absent", TRIM(C5)="ABSENT"), "Absent", IF(OR(TRIM(C5)="", TRIM(C5)="-", TRIM(D5)="", TRIM(D5)="-"), "Missing", IF( IF(ISNUMBER(C5), C5, IFERROR(TIMEVALUE(C5), 0)) < TIME(8,30,0), "Early", IF( AND( IF(ISNUMBER(C5), C5, IFERROR(TIMEVALUE(C5), 0)) >= TIME(8,30,0), IF(ISNUMBER(C5), C5, IFERROR(TIMEVALUE(C5), 0)) <= TIME(8,50,0), (IF(ISNUMBER(D5), D5, IFERROR(TIMEVALUE(D5), 0)) - IF(ISNUMBER(C5), C5, IFERROR(TIMEVALUE(C5), 0))) >= TIME(8,0,0) ), "On Time", "Late" ) ) ) ) -> Late | I5: 480
A6: Sheet 21 | B6: 2026-01-07 | C6: 9:23 AM | D6: - | E6: =IF(OR(C6="Absent",D6="Absent",C6="",D6=""),"", (D6-C6)*1440) -> #VALUE! | F6: =IF(OR(C6="",C6="Absent"),"", MAX(0,(C6 - TIME(8,50,0))*1440)) -> 33 | G6: =IF(C6="","", MAX(0,480 - E6)) -> #VALUE! | H6: =IF(OR(TRIM(C6)="Absent", TRIM(C6)="ABSENT"), "Absent", IF(OR(TRIM(C6)="", TRIM(C6)="-", TRIM(D6)="", TRIM(D6)="-"), "Missing", IF( IF(ISNUMBER(C6), C6, IFERROR(TIMEVALUE(C6), 0)) < TIME(8,30,0), "Early", IF( AND( IF(ISNUMBER(C6), C6, IFERROR(TIMEVALUE(C6), 0)) >= TIME(8,30,0), IF(ISNUMBER(C6), C6, IFERROR(TIMEVALUE(C6), 0)) <= TIME(8,50,0), (IF(ISNUMBER(D6), D6, IFERROR(TIMEVALUE(D6), 0)) - IF(ISNUMBER(C6), C6, IFERROR(TIMEVALUE(C6), 0))) >= TIME(8,0,0) ), "On Time", "Late" ) ) ) ) -> Missing | I6: 480
A7: Sheet 21 | B7: 2026-01-08 | C7: 9:04 AM | D7: 5:12 PM | E7: =IF(OR(C7="Absent",D7="Absent",C7="",D7=""),"", (D7-C7)*1440) -> 488 | F7: =IF(OR(C7="",C7="Absent"),"", MAX(0,(C7 - TIME(8,50,0))*1440)) -> 14 | G7: =IF(C7="","", MAX(0,480 - E7)) -> 0 | H7: =IF(OR(TRIM(C7)="Absent", TRIM(C7)="ABSENT"), "Absent", IF(OR(TRIM(C7)="", TRIM(C7)="-", TRIM(D7)="", TRIM(D7)="-"), "Missing", IF( IF(ISNUMBER(C7), C7, IFERROR(TIMEVALUE(C7), 0)) < TIME(8,30,0), "Early", IF( AND( IF(ISNUMBER(C7), C7, IFERROR(TIMEVALUE(C7), 0)) >= TIME(8,30,0), IF(ISNUMBER(C7), C7, IFERROR(TIMEVALUE(C7), 0)) <= TIME(8,50,0), (IF(ISNUMBER(D7), D7, IFERROR(TIMEVALUE(D7), 0)) - IF(ISNUMBER(C7), C7, IFERROR(TIMEVALUE(C7), 0))) >= TIME(8,0,0) ), "On Time", "Late" ) ) ) ) -> Late | I7: 480
A8: Sheet 21 | B8: 2026-01-09 | C8: 9:18 AM | D8: 5:34 PM | E8: =IF(OR(C8="Absent",D8="Absent",C8="",D8=""),"", (D8-C8)*1440) -> 496 | F8: =IF(OR(C8="",C8="Absent"),"", MAX(0,(C8 - TIME(8,50,0))*1440)) -> 28 | G8: =IF(C8="","", MAX(0,480 - E8)) -> 0 | H8: =IF(OR(TRIM(C8)="Absent", TRIM(C8)="ABSENT"), "Absent", IF(OR(TRIM(C8)="", TRIM(C8)="-", TRIM(D8)="", TRIM(D8)="-"), "Missing", IF( IF(ISNUMBER(C8), C8, IFERROR(TIMEVALUE(C8), 0)) < TIME(8,30,0), "Early", IF( AND( IF(ISNUMBER(C8), C8, IFERROR(TIMEVALUE(C8), 0)) >= TIME(8,30,0), IF(ISNUMBER(C8), C8, IFERROR(TIMEVALUE(C8), 0)) <= TIME(8,50,0), (IF(ISNUMBER(D8), D8, IFERROR(TIMEVALUE(D8), 0)) - IF(ISNUMBER(C8), C8, IFERROR(TIMEVALUE(C8), 0))) >= TIME(8,0,0) ), "On Time", "Late" ) ) ) ) -> Late | I8: 480
A9: Sheet 21 | B9: 2026-01-12 | C9: 9:11 AM | D9: 5:21 PM | E9: =IF(OR(C9="Absent",D9="Absent",C9="",D9=""),"", (D9-C9)*1440) -> 490 | F9: =IF(OR(C9="",C9="Absent"),"", MAX(0,(C9 - TIME(8,50,0))*1440)) -> 21 | G9: =IF(C9="","", MAX(0,480 - E9)) -> 0 | H9: =IF(OR(TRIM(C9)="Absent", TRIM(C9)="ABSENT"), "Absent", IF(OR(TRIM(C9)="", TRIM(C9)="-", TRIM(D9)="", TRIM(D9)="-"), "Missing", IF( IF(ISNUMBER(C9), C9, IFERROR(TIMEVALUE(C9), 0)) < TIME(8,30,0), "Early", IF( AND( IF(ISNUMBER(C9), C9, IFERROR(TIMEVALUE(C9), 0)) >= TIME(8,30,0), IF(ISNUMBER(C9), C9, IFERROR(TIMEVALUE(C9), 0)) <= TIME(8,50,0), (IF(ISNUMBER(D9), D9, IFERROR(TIMEVALUE(D9), 0)) - IF(ISNUMBER(C9), C9, IFERROR(TIMEVALUE(C9), 0))) >= TIME(8,0,0) ), "On Time", "Late" ) ) ) ) -> Late | I9: 480
A10: Sheet 21 | B10: 2026-01-13 | C10: 9:05 AM | D10: 5:21 PM | E10: =IF(OR(C10="Absent",D10="Absent",C10="",D10=""),"", (D10-C10)*1440) -> 496 | F10: =IF(OR(C10="",C10="Absent"),"", MAX(0,(C10 - TIME(8,50,0))*1440)) -> 15 | G10: =IF(C10="","", MAX(0,480 - E10)) -> 0 | H10: =IF(OR(TRIM(C10)="Absent", TRIM(C10)="ABSENT"), "Absent", IF(OR(TRIM(C10)="", TRIM(C10)="-", TRIM(D10)="", TRIM(D10)="-"), "Missing", IF( IF(ISNUMBER(C10), C10, IFERROR(TIMEVALUE(C10), 0)) < TIME(8,30,0), "Early", IF( AND( IF(ISNUMBER(C10), C10, IFERROR(TIMEVALUE(C10), 0)) >= TIME(8,30,0), IF(ISNUMBER(C10), C10, IFERROR(TIMEVALUE(C10), 0)) <= TIME(8,50,0), (IF(ISNUMBER(D10), D10, IFERROR(TIMEVALUE(D10), 0)) - IF(ISNUMBER(C10), C10, IFERROR(TIMEVALUE(C10), 0))) >= TIME(8,0,0) ), "On Time", "Late" ) ) ) ) -> Late | I10: 480
A11: Sheet 21 | B11: 2026-01-14 | C11: 9:05 AM | D11: 5:29 PM | E11: =IF(OR(C11="Absent",D11="Absent",C11="",D11=""),"", (D11-C11)*1440) -> 504 | F11: =IF(OR(C11="",C11="Absent"),"", MAX(0,(C11 - TIME(8,50,0))*1440)) -> 15 | G11: =IF(C11="","", MAX(0,480 - E11)) -> 0 | H11: =IF(OR(TRIM(C11)="Absent", TRIM(C11)="ABSENT"), "Absent", IF(OR(TRIM(C11)="", TRIM(C11)="-", TRIM(D11)="", TRIM(D11)="-"), "Missing", IF( IF(ISNUMBER(C11), C11, IFERROR(TIMEVALUE(C11), 0)) < TIME(8,30,0), "Early", IF( AND( IF(ISNUMBER(C11), C11, IFERROR(TIMEVALUE(C11), 0)) >= TIME(8,30,0), IF(ISNUMBER(C11), C11, IFERROR(TIMEVALUE(C11), 0)) <= TIME(8,50,0), (IF(ISNUMBER(D11), D11, IFERROR(TIMEVALUE(D11), 0)) - IF(ISNUMBER(C11), C11, IFERROR(TIMEVALUE(C11), 0))) >= TIME(8,0,0) ), "On Time", "Late" ) ) ) ) -> Late | I11: 480
A12: Sheet 21 | B12: 2026-01-15 | C12: 9:15 AM | D12: 5:40 PM | E12: =IF(OR(C12="Absent",D12="Absent",C12="",D12=""),"", (D12-C12)*1440) -> 505 | F12: =IF(OR(C12="",C12="Absent"),"", MAX(0,(C12 - TIME(8,50,0))*1440)) -> 25 | G12: =IF(C12="","", MAX(0,480 - E12)) -> 0 | H12: =IF(OR(TRIM(C12)="Absent", TRIM(C12)="ABSENT"), "Absent", IF(OR(TRIM(C12)="", TRIM(C12)="-", TRIM(D12)="", TRIM(D12)="-"), "Missing", IF( IF(ISNUMBER(C12), C12, IFERROR(TIMEVALUE(C12), 0)) < TIME(8,30,0), "Early", IF( AND( IF(ISNUMBER(C12), C12, IFERROR(TIMEVALUE(C12), 0)) >= TIME(8,30,0), IF(ISNUMBER(C12), C12, IFERROR(TIMEVALUE(C12), 0)) <= TIME(8,50,0), (IF(ISNUMBER(D12), D12, IFERROR(TIMEVALUE(D12), 0)) - IF(ISNUMBER(C12), C12, IFERROR(TIMEVALUE(C12), 0))) >= TIME(8,0,0) ), "On Time", "Late" ) ) ) ) -> Late | I12: 480
A13: Sheet 21 | B13: 2026-01-16 | C13: 9:03 AM | D13: 5:47 PM | E13: =IF(OR(C13="Absent",D13="Absent",C13="",D13=""),"", (D13-C13)*1440) -> 524 | F13: =IF(OR(C13="",C13="Absent"),"", MAX(0,(C13 - TIME(8,50,0))*1440)) -> 13 | G13: =IF(C13="","", MAX(0,480 - E13)) -> 0 | H13: =IF(OR(TRIM(C13)="Absent", TRIM(C13)="ABSENT"), "Absent", IF(OR(TRIM(C13)="", TRIM(C13)="-", TRIM(D13)="", TRIM(D13)="-"), "Missing", IF( IF(ISNUMBER(C13), C13, IFERROR(TIMEVALUE(C13), 0)) < TIME(8,30,0), "Early", IF( AND( IF(ISNUMBER(C13), C13, IFERROR(TIMEVALUE(C13), 0)) >= TIME(8,30,0), IF(ISNUMBER(C13), C13, IFERROR(TIMEVALUE(C13), 0)) <= TIME(8,50,0), (IF(ISNUMBER(D13), D13, IFERROR(TIMEVALUE(D13), 0)) - IF(ISNUMBER(C13), C13, IFERROR(TIMEVALUE(C13), 0))) >= TIME(8,0,0) ), "On Time", "Late" ) ) ) ) -> Late | I13: 480
... A23: Sheet 21 | B23: 2026-01-30 | C23: 9:27 AM | D23: 5:33 PM | E23: =IF(OR(C23="Absent",D23="Absent",C23="",D23=""),"", (D23-C23)*1440) -> 486 | F23: =IF(OR(C23="",C23="Absent"),"", MAX(0,(C23 - TIME(8,50,0))*1440)) -> 37 | G23: =IF(C23="","", MAX(0,480 - E23)) -> 0 | H23: =IF(OR(TRIM(C23)="Absent", TRIM(C23)="ABSENT"), "Absent", IF(OR(TRIM(C23)="", TRIM(C23)="-", TRIM(D23)="", TRIM(D23)="-"), "Missing", IF( IF(ISNUMBER(C23), C23, IFERROR(TIMEVALUE(C23), 0)) < TIME(8,30,0), "Early", IF( AND( IF(ISNUMBER(C23), C23, IFERROR(TIMEVALUE(C23), 0)) >= TIME(8,30,0), IF(ISNUMBER(C23), C23, IFERROR(TIMEVALUE(C23), 0)) <= TIME(8,50,0), (IF(ISNUMBER(D23), D23, IFERROR(TIMEVALUE(D23), 0)) - IF(ISNUMBER(C23), C23, IFERROR(TIMEVALUE(C23), 0))) >= TIME(8,0,0) ), "On Time", "Late" ) ) ) ) -> Late | I23: 480

Sheet Sheet 20
A1: Name | B1: Date | C1: Time In | D1: Time Out | E1: Worked Minutes | F1: Late Minutes | G1: Less Than 8 Hours | H1: Status | I1: Target time | J1: Comments
A2: Sheet 20 | B2: 2026-01-01 | C2: 9:01 AM | D2: 4:35 PM | E2: =IF(OR(C2="Absent",D2="Absent",C2="",D2=""),"", (D2-C2)*1440) -> 454 | F2: =IF(OR(C2="",C2="Absent"),"", MAX(0,(C2 - TIME(8,50,0))*1440)) -> 11 | G2: =IF(C2="","", MAX(0,480 - E2)) -> 26 | H2: =IF(OR(TRIM(C2)="Absent", TRIM(C2)="ABSENT"), "Absent", IF(OR(TRIM(C2)="", TRIM(C2)="-", TRIM(D2)="", TRIM(D2)="-"), "Missing", IF( IF(ISNUMBER(C2), C2, IFERROR(TIMEVALUE(C2), 0)) < TIME(8,30,0), "Early", IF( AND( IF(ISNUMBER(C2), C2, IFERROR(TIMEVALUE(C2), 0)) >= TIME(8,30,0), IF(ISNUMBER(C2), C2, IFERROR(TIMEVALUE(C2), 0)) <= TIME(8,50,0), (IF(ISNUMBER(D2), D2, IFERROR(TIMEVALUE(D2), 0)) - IF(ISNUMBER(C2), C2, IFERROR(TIMEVALUE(C2), 0))) >= TIME(8,0,0) ), "On Time", "Late" ) ) ) ) -> Late | I2: 480
A3: Sheet 20 | B3: 2026-01-02 | C3: 8:49 AM | D3: 4:57 PM | E3: =IF(OR(C3="Absent",D3="Absent",C3="",D3=""),"", (D3-C3)*1440) -> 488 | F3: =IF(OR(C3="",C3="Absent"),"", MAX(0,(C3 - TIME(8,50,0))*1440)) -> 0 | G3: =IF(C3="","", MAX(0,480 - E3)) -> 0 | H3: =IF(OR(TRIM(C3)="Absent", TRIM(C3)="ABSENT"), "Absent", IF(OR(TRIM(C3)="", TRIM(C3)="-", TRIM(D3)="", TRIM(D3)="-"), "Missing", IF( IF(ISNUMBER(C3), C3, IFERROR(TIMEVALUE(C3), 0)) < TIME(8,30,0), "Early", IF( AND( IF(ISNUMBER(C3), C3, IFERROR(TIMEVALUE(C3), 0)) >= TIME(8,30,0), IF(ISNUMBER(C3), C3, IFERROR(TIMEVALUE(C3), 0)) <= TIME(8,50,0), (IF(ISNUMBER(D3), D3, IFERROR(TIMEVALUE(D3), 0)) - IF(ISNUMBER(C3), C3, IFERROR(TIMEVALUE(C3), 0))) >= TIME(8,0,0) ), "On Time", "Late" ) ) ) ) -> On Time | I3: 480
A4: Sheet 20 | B4: 2026-01-05 | C4: 8:46 AM | D4: 8:46 AM | E4: =IF(OR(C4="Absent",D4="Absent",C4="",D4=""),"", (D4-C4)*1440) -> 0 | F4: =IF(OR(C4="",C4="Absent"),"", MAX(0,(C4 - TIME(8,50,0))*1440)) -> 0 | G4: =IF(C4="","", MAX(0,480 - E4)) -> 480 | H4: =IF(OR(TRIM(C4)="Absent", TRIM(C4)="ABSENT"), "Absent", IF(OR(TRIM(C4)="", TRIM(C4)="-", TRIM(D4)="", TRIM(D4)="-"), "Missing", IF( IF(ISNUMBER(C4), C4, IFERROR(TIMEVALUE(C4), 0)) < TIME(8,30,0), "Early", IF( AND( IF(ISNUMBER(C4), C4, IFERROR(TIMEVALUE(C4), 0)) >= TIME(8,30,0), IF(ISNUMBER(C4), C4, IFERROR(TIMEVALUE(C4), 0)) <= TIME(8,50,0), (IF(ISNUMBER(D4), D4, IFERROR(TIMEVALUE(D4), 0)) - IF(ISNUMBER(C4), C4, IFERROR(TIMEVALUE(C4), 0))) >= TIME(8,0,0) ), "On Time", "Late" ) ) ) ) -> Late | I4: 480
A5: Sheet 20 | B5: 2026-01-06 | C5: 8:45 AM | D5: 4:59 PM | E5: =IF(OR(C5="Absent",D5="Absent",C5="",D5=""),"", (D5-C5)*1440) -> 494 | F5: =IF(OR(C5="",C5="Absent"),"", MAX(0,(C5 - TIME(8,50,0))*1440)) -> 0 | G5: =IF(C5="","", MAX(0,480 - E5)) -> 0 | H5: =IF(OR(TRIM(C5)="Absent", TRIM(C5)="ABSENT"), "Absent", IF(OR(TRIM(C5)="", TRIM(C5)="-", TRIM(D5)="", TRIM(D5)="-"), "Missing", IF( IF(ISNUMBER(C5), C5, IFERROR(TIMEVALUE(C5), 0)) < TIME(8,30,0), "Early", IF( AND( IF(ISNUMBER(C5), C5, IFERROR(TIMEVALUE(C5), 0)) >= TIME(8,30,0), IF(ISNUMBER(C5), C5, IFERROR(TIMEVALUE(C5), 0)) <= TIME(8,50,0), (IF(ISNUMBER(D5), D5, IFERROR(TIMEVALUE(D5), 0)) - IF(ISNUMBER(C5), C5, IFERROR(TIMEVALUE(C5), 0))) >= TIME(8,0,0) ), "On Time", "Late" ) ) ) ) -> On Time | I5: 480
A6: Sheet 20 | B6: 2026-01-07 | C6: 8:46 AM | D6: 4:45 PM | E6: =IF(OR(C6="Absent",D6="Absent",C6="",D6=""),"", (D6-C6)*1440) -> 479 | F6: =IF(OR(C6="",C6="Absent"),"", MAX(0,(C6 - TIME(8,50,0))*1440)) -> 0 | G6: =IF(C6="","", MAX(0,480 - E6)) -> 1 | H6: =IF(OR(TRIM(C6)="Absent", TRIM(C6)="ABSENT"), "Absent", IF(OR(TRIM(C6)="", TRIM(C6)="-", TRIM(D6)="", TRIM(D6)="-"), "Missing", IF( IF(ISNUMBER(C6), C6, IFERROR(TIMEVALUE(C6), 0)) < TIME(8,30,0), "Early", IF( AND( IF(ISNUMBER(C6), C6, IFERROR(TIMEVALUE(C6), 0)) >= TIME(8,30,0), IF(ISNUMBER(C6), C6, IFERROR(TIMEVALUE(C6), 0)) <= TIME(8,50,0), (IF(ISNUMBER(D6), D6, IFERROR(TIMEVALUE(D6), 0)) - IF(ISNUMBER(C6), C6, IFERROR(TIMEVALUE(C6), 0))) >= TIME(8,0,0) ), "On Time", "Late" ) ) ) ) -> Late | I6: 480
A7: Sheet 20 | B7: 2026-01-08 | C7: 8:46 AM | D7: 4:47 PM | E7: =IF(OR(C7="Absent",D7="Absent",C7="",D7=""),"", (D7-C7)*1440) -> 481 | F7: =IF(OR(C7="",C7="Absent"),"", MAX(0,(C7 - TIME(8,50,0))*1440)) -> 0 | G7: =IF(C7="","", MAX(0,480 - E7)) -> 0 | H7: =IF(OR(TRIM(C7)="Absent", TRIM(C7)="ABSENT"), "Absent", IF(OR(TRIM(C7)="", TRIM(C7)="-", TRIM(D7)="", TRIM(D7)="-"), "Missing", IF( IF(ISNUMBER(C7), C7, IFERROR(TIMEVALUE(C7), 0)) < TIME(8,30,0), "Early", IF( AND( IF(ISNUMBER(C7), C7, IFERROR(TIMEVALUE(C7), 0)) >= TIME(8,30,0), IF(ISNUMBER(C7), C7, IFERROR(TIMEVALUE(C7), 0)) <= TIME(8,50,0), (IF(ISNUMBER(D7), D7, IFERROR(TIMEVALUE(D7), 0)) - IF(ISNUMBER(C7), C7, IFERROR(TIMEVALUE(C7), 0))) >= TIME(8,0,0) ), "On Time", "Late" ) ) ) ) -> On Time | I7: 480
A8: Sheet 20 | B8: 2026-01-09 | C8: 8:48 AM | D8: 4:52 PM | E8: =IF(OR(C8="Absent",D8="Absent",C8="",D8=""),"", (D8-C8)*1440) -> 484 | F8: =IF(OR(C8="",C8="Absent"),"", MAX(0,(C8 - TIME(8,50,0))*1440)) -> 0 | G8: =IF(C8="","", MAX(0,480 - E8)) -> 0 | H8: =IF(OR(TRIM(C8)="Absent", TRIM(C8)="ABSENT"), "Absent", IF(OR(TRIM(C8)="", TRIM(C8)="-", TRIM(D8)="", TRIM(D8)="-"), "Missing", IF( IF(ISNUMBER(C8), C8, IFERROR(TIMEVALUE(C8), 0)) < TIME(8,30,0), "Early", IF( AND( IF(ISNUMBER(C8), C8, IFERROR(TIMEVALUE(C8), 0)) >= TIME(8,30,0), IF(ISNUMBER(C8), C8, IFERROR(TIMEVALUE(C8), 0)) <= TIME(8,50,0), (IF(ISNUMBER(D8), D8, IFERROR(TIMEVALUE(D8), 0)) - IF(ISNUMBER(C8), C8, IFERROR(TIMEVALUE(C8), 0))) >= TIME(8,0,0) ), "On Time", "Late" ) ) ) ) -> On Time | I8: 480
A9: Sheet 20 | B9: 2026-01-12 | C9: 8:45 AM | D9: 4:50 PM | E9: =IF(OR(C9="Absent",D9="Absent",C9="",D9=""),"", (D9-C9)*1440) -> 485 | F9: =IF(OR(C9="",C9="Absent"),"", MAX(0,(C9 - TIME(8,50,0))*1440)) -> 0 | G9: =IF(C9="","", MAX(0,480 - E9)) -> 0 | H9: =IF(OR(TRIM(C9)="Absent", TRIM(C9)="ABSENT"), "Absent", IF(OR(TRIM(C9)="", TRIM(C9)="-", TRIM(D9)="", TRIM(D9)="-"), "Missing", IF( IF(ISNUMBER(C9), C9, IFERROR(TIMEVALUE(C9), 0)) < TIME(8,30,0), "Early", IF( AND( IF(ISNUMBER(C9), C9, IFERROR(TIMEVALUE(C9), 0)) >= TIME(8,30,0), IF(ISNUMBER(C9), C9, IFERROR(TIMEVALUE(C9), 0)) <= TIME(8,50,0), (IF(ISNUMBER(D9), D9, IFERROR(TIMEVALUE(D9), 0)) - IF(ISNUMBER(C9), C9, IFERROR(TIMEVALUE(C9), 0))) >= TIME(8,0,0) ), "On Time", "Late" ) ) ) ) -> On Time | I9: 480
A10: Sheet 20 | B10: 2026-01-13 | C10: 8:45 AM | D10: 4:38 PM | E10: =IF(OR(C10="Absent",D10="Absent",C10="",D10=""),"", (D10-C10)*1440) -> 473 | F10: =IF(OR(C10="",C10="Absent"),"", MAX(0,(C10 - TIME(8,50,0))*1440)) -> 0 | G10: =IF(C10="","", MAX(0,480 - E10)) -> 7 | H10: =IF(OR(TRIM(C10)="Absent", TRIM(C10)="ABSENT"), "Absent", IF(OR(TRIM(C10)="", TRIM(C10)="-", TRIM(D10)="", TRIM(D10)="-"), "Missing", IF( IF(ISNUMBER(C10), C10, IFERROR(TIMEVALUE(C10), 0)) < TIME(8,30,0), "Early", IF( AND( IF(ISNUMBER(C10), C10, IFERROR(TIMEVALUE(C10), 0)) >= TIME(8,30,0), IF(ISNUMBER(C10), C10, IFERROR(TIMEVALUE(C10), 0)) <= TIME(8,50,0), (IF(ISNUMBER(D10), D10, IFERROR(TIMEVALUE(D10), 0)) - IF(ISNUMBER(C10), C10, IFERROR(TIMEVALUE(C10), 0))) >= TIME(8,0,0) ), "On Time", "Late" ) ) ) ) -> Late | I10: 480
A11: Sheet 20 | B11: 2026-01-14 | C11: 8:45 AM | D11: 4:50 PM | E11: =IF(OR(C11="Absent",D11="Absent",C11="",D11=""),"", (D11-C11)*1440) -> 485 | F11: =IF(OR(C11="",C11="Absent"),"", MAX(0,(C11 - TIME(8,50,0))*1440)) -> 0 | G11: =IF(C11="","", MAX(0,480 - E11)) -> 0 | H11: =IF(OR(TRIM(C11)="Absent", TRIM(C11)="ABSENT"), "Absent", IF(OR(TRIM(C11)="", TRIM(C11)="-", TRIM(D11)="", TRIM(D11)="-"), "Missing", IF( IF(ISNUMBER(C11), C11, IFERROR(TIMEVALUE(C11), 0)) < TIME(8,30,0), "Early", IF( AND( IF(ISNUMBER(C11), C11, IFERROR(TIMEVALUE(C11), 0)) >= TIME(8,30,0), IF(ISNUMBER(C11), C11, IFERROR(TIMEVALUE(C11), 0)) <= TIME(8,50,0), (IF(ISNUMBER(D11), D11, IFERROR(TIMEVALUE(D11), 0)) - IF(ISNUMBER(C11), C11, IFERROR(TIMEVALUE(C11), 0))) >= TIME(8,0,0) ), "On Time", "Late" ) ) ) ) -> On Time | I11: 480
A12: Sheet 20 | B12: 2026-01-15 | C12: 8:49 AM | D12: 4:38 PM | E12: =IF(OR(C12="Absent",D12="Absent",C12="",D12=""),"", (D12-C12)*1440) -> 469 | F12: =IF(OR(C12="",C12="Absent"),"", MAX(0,(C12 - TIME(8,50,0))*1440)) -> 0 | G12: =IF(C12="","", MAX(0,480 - E12)) -> 11 | H12: =IF(OR(TRIM(C12)="Absent", TRIM(C12)="ABSENT"), "Absent", IF(OR(TRIM(C12)="", TRIM(C12)="-", TRIM(D12)="", TRIM(D12)="-"), "Missing", IF( IF(ISNUMBER(C12), C12, IFERROR(TIMEVALUE(C12), 0)) < TIME(8,30,0), "Early", IF( AND( IF(ISNUMBER(C12), C12, IFERROR(TIMEVALUE(C12), 0)) >= TIME(8,30,0), IF(ISNUMBER(C12), C12, IFERROR(TIMEVALUE(C12), 0)) <= TIME(8,50,0), (IF(ISNUMBER(D12), D12, IFERROR(TIMEVALUE(D12), 0)) - IF(ISNUMBER(C12), C12, IFERROR(TIMEVALUE(C12), 0))) >= TIME(8,0,0) ), "On Time", "Late" ) ) ) ) -> Late | I12: 480
A13: Sheet 20 | B13: 2026-01-16 | C13: 8:50 AM | D13: 4:33 PM | E13: =IF(OR(C13="Absent",D13="Absent",C13="",D13=""),"", (D13-C13)*1440) -> 463 | F13: =IF(OR(C13="",C13="Absent"),"", MAX(0,(C13 - TIME(8,50,0))*1440)) -> 0 | G13: =IF(C13="","", MAX(0,480 - E13)) -> 17 | H13: =IF(OR(TRIM(C13)="Absent", TRIM(C13)="ABSENT"), "Absent", IF(OR(TRIM(C13)="", TRIM(C13)="-", TRIM(D13)="", TRIM(D13)="-"), "Missing", IF( IF(ISNUMBER(C13), C13, IFERROR(TIMEVALUE(C13), 0)) < TIME(8,30,0), "Early", IF( AND( IF(ISNUMBER(C13), C13, IFERROR(TIMEVALUE(C13), 0)) >= TIME(8,30,0), IF(ISNUMBER(C13), C13, IFERROR(TIMEVALUE(C13), 0)) <= TIME(8,50,0), (IF(ISNUMBER(D13), D13, IFERROR(TIMEVALUE(D13), 0)) - IF(ISNUMBER(C13), C13, IFERROR(TIMEVALUE(C13), 0))) >= TIME(8,0,0) ), "On Time", "Late" ) ) ) ) -> Late | I13: 480
... A23: Sheet 20 | B23: 2026-01-30 | C23: 8:52 AM | D23: 4:34 PM | E23: =IF(OR(C23="Absent",D23="Absent",C23="",D23=""),"", (D23-C23)*1440) -> 462 | F23: =IF(OR(C23="",C23="Absent"),"", MAX(0,(C23 - TIME(8,50,0))*1440)) -> 2 | G23: =IF(C23="","", MAX(0,480 - E23)) -> 18 | H23: =IF(OR(TRIM(C23)="Absent", TRIM(C23)="ABSENT"), "Absent", IF(OR(TRIM(C23)="", TRIM(C23)="-", TRIM(D23)="", TRIM(D23)="-"), "Missing", IF( IF(ISNUMBER(C23), C23, IFERROR(TIMEVALUE(C23), 0)) < TIME(8,30,0), "Early", IF( AND( IF(ISNUMBER(C23), C23, IFERROR(TIMEVALUE(C23), 0)) >= TIME(8,30,0), IF(ISNUMBER(C23), C23, IFERROR(TIMEVALUE(C23), 0)) <= TIME(8,50,0), (IF(ISNUMBER(D23), D23, IFERROR(TIMEVALUE(D23), 0)) - IF(ISNUMBER(C23), C23, IFERROR(TIMEVALUE(C23), 0))) >= TIME(8,0,0) ), "On Time", "Late" ) ) ) ) -> Late | I23: 480

Sheet Sheet 19
A1: Name | B1: Date | C1: Time In | D1: Time Out | E1: Worked Minutes | F1: Late Minutes | G1: Less Than 8 Hours | H1: Status | I1: Target time | J1: Comments
A2: Sheet 19 | B2: 2026-01-01 | C2: 9:25 AM | D2: 5:21 PM | E2: =IF(OR(C2="Absent",D2="Absent",C2="",D2=""),"", (D2-C2)*1440) -> 476 | F2: =IF(OR(C2="",C2="Absent"),"", MAX(0,(C2 - TIME(8,50,0))*1440)) -> 35 | G2: =IF(C2="","", MAX(0,480 - E2)) -> 4 | H2: =IF(OR(TRIM(C2)="Absent", TRIM(C2)="ABSENT"), "Absent", IF(OR(TRIM(C2)="", TRIM(C2)="-", TRIM(D2)="", TRIM(D2)="-"), "Missing", IF( IF(ISNUMBER(C2), C2, IFERROR(TIMEVALUE(C2), 0)) < TIME(8,30,0), "Early", IF( AND( IF(ISNUMBER(C2), C2, IFERROR(TIMEVALUE(C2), 0)) >= TIME(8,30,0), IF(ISNUMBER(C2), C2, IFERROR(TIMEVALUE(C2), 0)) <= TIME(8,50,0), (IF(ISNUMBER(D2), D2, IFERROR(TIMEVALUE(D2), 0)) - IF(ISNUMBER(C2), C2, IFERROR(TIMEVALUE(C2), 0))) >= TIME(8,0,0) ), "On Time", "Late" ) ) ) ) -> Late | I2: 480
A3: Sheet 19 | B3: 2026-01-02 | C3: 9:15 AM | D3: 5:23 PM | E3: =IF(OR(C3="Absent",D3="Absent",C3="",D3=""),"", (D3-C3)*1440) -> 488 | F3: =IF(OR(C3="",C3="Absent"),"", MAX(0,(C3 - TIME(8,50,0))*1440)) -> 25 | G3: =IF(C3="","", MAX(0,480 - E3)) -> 0 | H3: =IF(OR(TRIM(C3)="Absent", TRIM(C3)="ABSENT"), "Absent", IF(OR(TRIM(C3)="", TRIM(C3)="-", TRIM(D3)="", TRIM(D3)="-"), "Missing", IF( IF(ISNUMBER(C3), C3, IFERROR(TIMEVALUE(C3), 0)) < TIME(8,30,0), "Early", IF( AND( IF(ISNUMBER(C3), C3, IFERROR(TIMEVALUE(C3), 0)) >= TIME(8,30,0), IF(ISNUMBER(C3), C3, IFERROR(TIMEVALUE(C3), 0)) <= TIME(8,50,0), (IF(ISNUMBER(D3), D3, IFERROR(TIMEVALUE(D3), 0)) - IF(ISNUMBER(C3), C3, IFERROR(TIMEVALUE(C3), 0))) >= TIME(8,0,0) ), "On Time", "Late" ) ) ) ) -> Late | I3: 480
A4: Sheet 19 | B4: 2026-01-05 | C4: 8:50 AM | D4: 8:50 AM | E4: =IF(OR(C4="Absent",D4="Absent",C4="",D4=""),"", (D4-C4)*1440) -> 0 | F4: =IF(OR(C4="",C4="Absent"),"", MAX(0,(C4 - TIME(8,50,0))*1440)) -> 0 | G4: =IF(C4="","", MAX(0,480 - E4)) -> 480 | H4: =IF(OR(TRIM(C4)="Absent", TRIM(C4)="ABSENT"), "Absent", IF(OR(TRIM(C4)="", TRIM(C4)="-", TRIM(D4)="", TRIM(D4)="-"), "Missing", IF( IF(ISNUMBER(C4), C4, IFERROR(TIMEVALUE(C4), 0)) < TIME(8,30,0), "Early", IF( AND( IF(ISNUMBER(C4), C4, IFERROR(TIMEVALUE(C4), 0)) >= TIME(8,30,0), IF(ISNUMBER(C4), C4, IFERROR(TIMEVALUE(C4), 0)) <= TIME(8,50,0), (IF(ISNUMBER(D4), D4, IFERROR(TIMEVALUE(D4), 0)) - IF(ISNUMBER(C4), C4, IFERROR(TIMEVALUE(C4), 0))) >= TIME(8,0,0) ), "On Time", "Late" ) ) ) ) -> Late | I4: 480
A5: Sheet 19 | B5: 2026-01-06 | C5: 9:08 AM | D5: 5:19 PM | E5: =IF(OR(C5="Absent",D5="Absent",C5="",D5=""),"", (D5-C5)*1440) -> 491 | F5: =IF(OR(C5="",C5="Absent"),"", MAX(0,(C5 - TIME(8,50,0))*1440)) -> 18 | G5: =IF(C5="","", MAX(0,480 - E5)) -> 0 | H5: =IF(OR(TRIM(C5)="Absent", TRIM(C5)="ABSENT"), "Absent", IF(OR(TRIM(C5)="", TRIM(C5)="-", TRIM(D5)="", TRIM(D5)="-"), "Missing", IF( IF(ISNUMBER(C5), C5, IFERROR(TIMEVALUE(C5), 0)) < TIME(8,30,0), "Early", IF( AND( IF(ISNUMBER(C5), C5, IFERROR(TIMEVALUE(C5), 0)) >= TIME(8,30,0), IF(ISNUMBER(C5), C5, IFERROR(TIMEVALUE(C5), 0)) <= TIME(8,50,0), (IF(ISNUMBER(D5), D5, IFERROR(TIMEVALUE(D5), 0)) - IF(ISNUMBER(C5), C5, IFERROR(TIMEVALUE(C5), 0))) >= TIME(8,0,0) ), "On Time", "Late" ) ) ) ) -> Late | I5: 480
A6: Sheet 19 | B6: 2026-01-07 | C6: 9:14 AM | D6: 5:32 PM | E6: =IF(OR(C6="Absent",D6="Absent",C6="",D6=""),"", (D6-C6)*1440) -> 498 | F6: =IF(OR(C6="",C6="Absent"),"", MAX(0,(C6 - TIME(8,50,0))*1440)) -> 24 | G6: =IF(C6="","", MAX(0,480 - E6)) -> 0 | H6: =IF(OR(TRIM(C6)="Absent", TRIM(C6)="ABSENT"), "Absent", IF(OR(TRIM(C6)="", TRIM(C6)="-", TRIM(D6)="", TRIM(D6)="-"), "Missing", IF( IF(ISNUMBER(C6), C6, IFERROR(TIMEVALUE(C6), 0)) < TIME(8,30,0), "Early", IF( AND( IF(ISNUMBER(C6), C6, IFERROR(TIMEVALUE(C6), 0)) >= TIME(8,30,0), IF(ISNUMBER(C6), C6, IFERROR(TIMEVALUE(C6), 0)) <= TIME(8,50,0), (IF(ISNUMBER(D6), D6, IFERROR(TIMEVALUE(D6), 0)) - IF(ISNUMBER(C6), C6, IFERROR(TIMEVALUE(C6), 0))) >= TIME(8,0,0) ), "On Time", "Late" ) ) ) ) -> Late | I6: 480
A7: Sheet 19 | B7: 2026-01-08 | C7: 9:08 AM | D7: 5:12 PM | E7: =IF(OR(C7="Absent",D7="Absent",C7="",D7=""),"", (D7-C7)*1440) -> 484 | F7: =IF(OR(C7="",C7="Absent"),"", MAX(0,(C7 - TIME(8,50,0))*1440)) -> 18 | G7: =IF(C7="","", MAX(0,480 - E7)) -> 0 | H7: =IF(OR(TRIM(C7)="Absent", TRIM(C7)="ABSENT"), "Absent", IF(OR(TRIM(C7)="", TRIM(C7)="-", TRIM(D7)="", TRIM(D7)="-"), "Missing", IF( IF(ISNUMBER(C7), C7, IFERROR(TIMEVALUE(C7), 0)) < TIME(8,30,0), "Early", IF( AND( IF(ISNUMBER(C7), C7, IFERROR(TIMEVALUE(C7), 0)) >= TIME(8,30,0), IF(ISNUMBER(C7), C7, IFERROR(TIMEVALUE(C7), 0)) <= TIME(8,50,0), (IF(ISNUMBER(D7), D7, IFERROR(TIMEVALUE(D7), 0)) - IF(ISNUMBER(C7), C7, IFERROR(TIMEVALUE(C7), 0))) >= TIME(8,0,0) ), "On Time", "Late" ) ) ) ) -> Late | I7: 480
A8: Sheet 19 | B8: 2026-01-09 | C8: 9:07 AM | D8: 5:34 PM | E8: =IF(OR(C8="Absent",D8="Absent",C8="",D8=""),"", (D8-C8)*1440) -> 507 | F8: =IF(OR(C8="",C8="Absent"),"", MAX(0,(C8 - TIME(8,50,0))*1440)) -> 17 | G8: =IF(C8="","", MAX(0,480 - E8)) -> 0 | H8: =IF(OR(TRIM(C8)="Absent", TRIM(C8)="ABSENT"), "Absent", IF(OR(TRIM(C8)="", TRIM(C8)="-", TRIM(D8)="", TRIM(D8)="-"), "Missing", IF( IF(ISNUMBER(C8), C8, IFERROR(TIMEVALUE(C8), 0)) < TIME(8,30,0), "Early", IF( AND( IF(ISNUMBER(C8), C8, IFERROR(TIMEVALUE(C8), 0)) >= TIME(8,30,0), IF(ISNUMBER(C8), C8, IFERROR(TIMEVALUE(C8), 0)) <= TIME(8,50,0), (IF(ISNUMBER(D8), D8, IFERROR(TIMEVALUE(D8), 0)) - IF(ISNUMBER(C8), C8, IFERROR(TIMEVALUE(C8), 0))) >= TIME(8,0,0) ), "On Time", "Late" ) ) ) ) -> Late | I8: 480
A9: Sheet 19 | B9: 2026-01-12 | C9: 9:05 AM | D9: 5:19 PM | E9: =IF(OR(C9="Absent",D9="Absent",C9="",D9=""),"", (D9-C9)*1440) -> 494 | F9: =IF(OR(C9="",C9="Absent"),"", MAX(0,(C9 - TIME(8,50,0))*1440)) -> 15 | G9: =IF(C9="","", MAX(0,480 - E9)) -> 0 | H9: =IF(OR(TRIM(C9)="Absent", TRIM(C9)="ABSENT"), "Absent", IF(OR(TRIM(C9)="", TRIM(C9)="-", TRIM(D9)="", TRIM(D9)="-"), "Missing", IF( IF(ISNUMBER(C9), C9, IFERROR(TIMEVALUE(C9), 0)) < TIME(8,30,0), "Early", IF( AND( IF(ISNUMBER(C9), C9, IFERROR(TIMEVALUE(C9), 0)) >= TIME(8,30,0), IF(ISNUMBER(C9), C9, IFERROR(TIMEVALUE(C9), 0)) <= TIME(8,50,0), (IF(ISNUMBER(D9), D9, IFERROR(TIMEVALUE(D9), 0)) - IF(ISNUMBER(C9), C9, IFERROR(TIMEVALUE(C9), 0))) >= TIME(8,0,0) ), "On Time", "Late" ) ) ) ) -> Late | I9: 480
A10: Sheet 19 | B10: 2026-01-13 | C10: 9:01 AM | D10: 5:21 PM | E10: =IF(OR(C10="Absent",D10="Absent",C10="",D10=""),"", (D10-C10)*1440) -> 500 | F10: =IF(OR(C10="",C10="Absent"),"", MAX(0,(C10 - TIME(8,50,0))*1440)) -> 11 | G10: =IF(C10="","", MAX(0,480 - E10)) -> 0 | H10: =IF(OR(TRIM(C10)="Absent", TRIM(C10)="ABSENT"), "Absent", IF(OR(TRIM(C10)="", TRIM(C10)="-", TRIM(D10)="", TRIM(D10)="-"), "Missing", IF( IF(ISNUMBER(C10), C10, IFERROR(TIMEVALUE(C10), 0)) < TIME(8,30,0), "Early", IF( AND( IF(ISNUMBER(C10), C10, IFERROR(TIMEVALUE(C10), 0)) >= TIME(8,30,0), IF(ISNUMBER(C10), C10, IFERROR(TIMEVALUE(C10), 0)) <= TIME(8,50,0), (IF(ISNUMBER(D10), D10, IFERROR(TIMEVALUE(D10), 0)) - IF(ISNUMBER(C10), C10, IFERROR(TIMEVALUE(C10), 0))) >= TIME(8,0,0) ), "On Time", "Late" ) ) ) ) -> Late | I10: 480
A11: Sheet 19 | B11: 2026-01-14 | C11: 9:55 AM | D11: - | E11: =IF(OR(C11="Absent",D11="Absent",C11="",D11=""),"", (D11-C11)*1440) -> #VALUE! | F11: =IF(OR(C11="",C11="Absent"),"", MAX(0,(C11 - TIME(8,50,0))*1440)) -> 65 | G11: =IF(C11="","", MAX(0,480 - E11)) -> #VALUE! | H11: =IF(OR(TRIM(C11)="Absent", TRIM(C11)="ABSENT"), "Absent", IF(OR(TRIM(C11)="", TRIM(C11)="-", TRIM(D11)="", TRIM(D11)="-"), "Missing", IF( IF(ISNUMBER(C11), C11, IFERROR(TIMEVALUE(C11), 0)) < TIME(8,30,0), "Early", IF( AND( IF(ISNUMBER(C11), C11, IFERROR(TIMEVALUE(C11), 0)) >= TIME(8,30,0), IF(ISNUMBER(C11), C11, IFERROR(TIMEVALUE(C11), 0)) <= TIME(8,50,0), (IF(ISNUMBER(D11), D11, IFERROR(TIMEVALUE(D11), 0)) - IF(ISNUMBER(C11), C11, IFERROR(TIMEVALUE(C11), 0))) >= TIME(8,0,0) ), "On Time", "Late" ) ) ) ) -> Missing | I11: 480
A12: Sheet 19 | B12: 2026-01-15 | C12: 9:24 AM | D12: 5:40 PM | E12: =IF(OR(C12="Absent",D12="Absent",C12="",D12=""),"", (D12-C12)*1440) -> 496 | F12: =IF(OR(C12="",C12="Absent"),"", MAX(0,(C12 - TIME(8,50,0))*1440)) -> 34 | G12: =IF(C12="","", MAX(0,480 - E12)) -> 0 | H12: =IF(OR(TRIM(C12)="Absent", TRIM(C12)="ABSENT"), "Absent", IF(OR(TRIM(C12)="", TRIM(C12)="-", TRIM(D12)="", TRIM(D12)="-"), "Missing", IF( IF(ISNUMBER(C12), C12, IFERROR(TIMEVALUE(C12), 0)) < TIME(8,30,0), "Early", IF( AND( IF(ISNUMBER(C12), C12, IFERROR(TIMEVALUE(C12), 0)) >= TIME(8,30,0), IF(ISNUMBER(C12), C12, IFERROR(TIMEVALUE(C12), 0)) <= TIME(8,50,0), (IF(ISNUMBER(D12), D12, IFERROR(TIMEVALUE(D12), 0)) - IF(ISNUMBER(C12), C12, IFERROR(TIMEVALUE(C12), 0))) >= TIME(8,0,0) ), "On Time", "Late" ) ) ) ) -> Late | I12: 480
A13: Sheet 19 | B13: 2026-01-16 | C13: 9:18 AM | D13: 5:47 PM | E13: =IF(OR(C13="Absent",D13="Absent",C13="",D13=""),"", (D13-C13)*1440) -> 509 | F13: =IF(OR(C13="",C13="Absent"),"", MAX(0,(C13 - TIME(8,50,0))*1440)) -> 28 | G13: =IF(C13="","", MAX(0,480 - E13)) -> 0 | H13: =IF(OR(TRIM(C13)="Absent", TRIM(C13)="ABSENT"), "Absent", IF(OR(TRIM(C13)="", TRIM(C13)="-", TRIM(D13)="", TRIM(D13)="-"), "Missing", IF( IF(ISNUMBER(C13), C13, IFERROR(TIMEVALUE(C13), 0)) < TIME(8,30,0), "Early", IF( AND( IF(ISNUMBER(C13), C13, IFERROR(TIMEVALUE(C13), 0)) >= TIME(8,30,0), IF(ISNUMBER(C13), C13, IFERROR(TIMEVALUE(C13), 0)) <= TIME(8,50,0), (IF(ISNUMBER(D13), D13, IFERROR(TIMEVALUE(D13), 0)) - IF(ISNUMBER(C13), C13, IFERROR(TIMEVALUE(C13), 0))) >= TIME(8,0,0) ), "On Time", "Late" ) ) ) ) -> Late | I13: 480
... A23: Sheet 19 | B23: 2026-01-30 | C23: 9:33 AM | D23: 5:32 PM | E23: =IF(OR(C23="Absent",D23="Absent",C23="",D23=""),"", (D23-C23)*1440) -> 479 | F23: =IF(OR(C23="",C23="Absent"),"", MAX(0,(C23 - TIME(8,50,0))*1440)) -> 43 | G23: =IF(C23="","", MAX(0,480 - E23)) -> 1 | H23: =IF(OR(TRIM(C23)="Absent", TRIM(C23)="ABSENT"), "Absent", IF(OR(TRIM(C23)="", TRIM(C23)="-", TRIM(D23)="", TRIM(D23)="-"), "Missing", IF( IF(ISNUMBER(C23), C23, IFERROR(TIMEVALUE(C23), 0)) < TIME(8,30,0), "Early", IF( AND( IF(ISNUMBER(C23), C23, IFERROR(TIMEVALUE(C23), 0)) >= TIME(8,30,0), IF(ISNUMBER(C23), C23, IFERROR(TIMEVALUE(C23), 0)) <= TIME(8,50,0), (IF(ISNUMBER(D23), D23, IFERROR(TIMEVALUE(D23), 0)) - IF(ISNUMBER(C23), C23, IFERROR(TIMEVALUE(C23), 0))) >= TIME(8,0,0) ), "On Time", "Late" ) ) ) ) -> Late | I23: 480

Sheet Sheet 18
A1: Name | B1: Date | C1: Time In | D1: Time Out | E1: Worked Minutes | F1: Late Minutes | G1: Less Than 8 Hours | H1: Status | I1: Target time | J1: Comments
A2: Sheet 18 | B2: 2026-01-01 | C2: 8:36 AM | D2: 4:57 PM | E2: =IF(OR(C2="Absent",D2="Absent",C2="",D2=""),"", (D2-C2)*1440) -> 501 | F2: =IF(OR(C2="",C2="Absent"),"", MAX(0,(C2 - TIME(8,50,0))*1440)) -> 0 | G2: =IF(C2="","", MAX(0,480 - E2)) -> 0 | H2: =IF(OR(TRIM(C2)="Absent", TRIM(C2)="ABSENT"), "Absent", IF(OR(TRIM(C2)="", TRIM(C2)="-", TRIM(D2)="", TRIM(D2)="-"), "Missing", IF( IF(ISNUMBER(C2), C2, IFERROR(TIMEVALUE(C2), 0)) < TIME(8,30,0), "Early", IF( AND( IF(ISNUMBER(C2), C2, IFERROR(TIMEVALUE(C2), 0)) >= TIME(8,30,0), IF(ISNUMBER(C2), C2, IFERROR(TIMEVALUE(C2), 0)) <= TIME(8,50,0), (IF(ISNUMBER(D2), D2, IFERROR(TIMEVALUE(D2), 0)) - IF(ISNUMBER(C2), C2, IFERROR(TIMEVALUE(C2), 0))) >= TIME(8,0,0) ), "On Time", "Late" ) ) ) ) -> On Time | I2: 480
A3: Sheet 18 | B3: 2026-01-02 | C3: 8:30 AM | D3: 5:24 PM | E3: =IF(OR(C3="Absent",D3="Absent",C3="",D3=""),"", (D3-C3)*1440) -> 534 | F3: =IF(OR(C3="",C3="Absent"),"", MAX(0,(C3 - TIME(8,50,0))*1440)) -> 0 | G3: =IF(C3="","", MAX(0,480 - E3)) -> 0 | H3: =IF(OR(TRIM(C3)="Absent", TRIM(C3)="ABSENT"), "Absent", IF(OR(TRIM(C3)="", TRIM(C3)="-", TRIM(D3)="", TRIM(D3)="-"), "Missing", IF( IF(ISNUMBER(C3), C3, IFERROR(TIMEVALUE(C3), 0)) < TIME(8,30,0), "Early", IF( AND( IF(ISNUMBER(C3), C3, IFERROR(TIMEVALUE(C3), 0)) >= TIME(8,30,0), IF(ISNUMBER(C3), C3, IFERROR(TIMEVALUE(C3), 0)) <= TIME(8,50,0), (IF(ISNUMBER(D3), D3, IFERROR(TIMEVALUE(D3), 0)) - IF(ISNUMBER(C3), C3, IFERROR(TIMEVALUE(C3), 0))) >= TIME(8,0,0) ), "On Time", "Late" ) ) ) ) -> On Time | I3: 480
A4: Sheet 18 | B4: 2026-01-05 | C4: 8:20 AM | D4: 5:44 PM | E4: =IF(OR(C4="Absent",D4="Absent",C4="",D4=""),"", (D4-C4)*1440) -> 564 | F4: =IF(OR(C4="",C4="Absent"),"", MAX(0,(C4 - TIME(8,50,0))*1440)) -> 0 | G4: =IF(C4="","", MAX(0,480 - E4)) -> 0 | H4: =IF(OR(TRIM(C4)="Absent", TRIM(C4)="ABSENT"), "Absent", IF(OR(TRIM(C4)="", TRIM(C4)="-", TRIM(D4)="", TRIM(D4)="-"), "Missing", IF( IF(ISNUMBER(C4), C4, IFERROR(TIMEVALUE(C4), 0)) < TIME(8,30,0), "Early", IF( AND( IF(ISNUMBER(C4), C4, IFERROR(TIMEVALUE(C4), 0)) >= TIME(8,30,0), IF(ISNUMBER(C4), C4, IFERROR(TIMEVALUE(C4), 0)) <= TIME(8,50,0), (IF(ISNUMBER(D4), D4, IFERROR(TIMEVALUE(D4), 0)) - IF(ISNUMBER(C4), C4, IFERROR(TIMEVALUE(C4), 0))) >= TIME(8,0,0) ), "On Time", "Late" ) ) ) ) -> Early | I4: 480
A5: Sheet 18 | B5: 2026-01-06 | C5: 8:56 AM | D5: 5:44 PM | E5: =IF(OR(C5="Absent",D5="Absent",C5="",D5=""),"", (D5-C5)*1440) -> 528 | F5: =IF(OR(C5="",C5="Absent"),"", MAX(0,(C5 - TIME(8,50,0))*1440)) -> 6 | G5: =IF(C5="","", MAX(0,480 - E5)) -> 0 | H5: =IF(OR(TRIM(C5)="Absent", TRIM(C5)="ABSENT"), "Absent", IF(OR(TRIM(C5)="", TRIM(C5)="-", TRIM(D5)="", TRIM(D5)="-"), "Missing", IF( IF(ISNUMBER(C5), C5, IFERROR(TIMEVALUE(C5), 0)) < TIME(8,30,0), "Early", IF( AND( IF(ISNUMBER(C5), C5, IFERROR(TIMEVALUE(C5), 0)) >= TIME(8,30,0), IF(ISNUMBER(C5), C5, IFERROR(TIMEVALUE(C5), 0)) <= TIME(8,50,0), (IF(ISNUMBER(D5), D5, IFERROR(TIMEVALUE(D5), 0)) - IF(ISNUMBER(C5), C5, IFERROR(TIMEVALUE(C5), 0))) >= TIME(8,0,0) ), "On Time", "Late" ) ) ) ) -> Late | I5: 480
A6: Sheet 18 | B6: 2026-01-07 | C6: 8:28 AM | D6: 6:00 PM | E6: =IF(OR(C6="Absent",D6="Absent",C6="",D6=""),"", (D6-C6)*1440) -> 572 | F6: =IF(OR(C6="",C6="Absent"),"", MAX(0,(C6 - TIME(8,50,0))*1440)) -> 0 | G6: =IF(C6="","", MAX(0,480 - E6)) -> 0 | H6: =IF(OR(TRIM(C6)="Absent", TRIM(C6)="ABSENT"), "Absent", IF(OR(TRIM(C6)="", TRIM(C6)="-", TRIM(D6)="", TRIM(D6)="-"), "Missing", IF( IF(ISNUMBER(C6), C6, IFERROR(TIMEVALUE(C6), 0)) < TIME(8,30,0), "Early", IF( AND( IF(ISNUMBER(C6), C6, IFERROR(TIMEVALUE(C6), 0)) >= TIME(8,30,0), IF(ISNUMBER(C6), C6, IFERROR(TIMEVALUE(C6), 0)) <= TIME(8,50,0), (IF(ISNUMBER(D6), D6, IFERROR(TIMEVALUE(D6), 0)) - IF(ISNUMBER(C6), C6, IFERROR(TIMEVALUE(C6), 0))) >= TIME(8,0,0) ), "On Time", "Late" ) ) ) ) -> Early | I6: 480
A7: Sheet 18 | B7: 2026-01-08 | C7: 8:35 AM | D7: 5:31 PM | E7: =IF(OR(C7="Absent",D7="Absent",C7="",D7=""),"", (D7-C7)*1440) -> 536 | F7: =IF(OR(C7="",C7="Absent"),"", MAX(0,(C7 - TIME(8,50,0))*1440)) -> 0 | G7: =IF(C7="","", MAX(0,480 - E7)) -> 0 | H7: =IF(OR(TRIM(C7)="Absent", TRIM(C7)="ABSENT"), "Absent", IF(OR(TRIM(C7)="", TRIM(C7)="-", TRIM(D7)="", TRIM(D7)="-"), "Missing", IF( IF(ISNUMBER(C7), C7, IFERROR(TIMEVALUE(C7), 0)) < TIME(8,30,0), "Early", IF( AND( IF(ISNUMBER(C7), C7, IFERROR(TIMEVALUE(C7), 0)) >= TIME(8,30,0), IF(ISNUMBER(C7), C7, IFERROR(TIMEVALUE(C7), 0)) <= TIME(8,50,0), (IF(ISNUMBER(D7), D7, IFERROR(TIMEVALUE(D7), 0)) - IF(ISNUMBER(C7), C7, IFERROR(TIMEVALUE(C7), 0))) >= TIME(8,0,0) ), "On Time", "Late" ) ) ) ) -> On Time | I7: 480
A8: Sheet 18 | B8: 2026-01-09 | C8: 8:44 AM | D8: 4:21 PM | E8: =IF(OR(C8="Absent",D8="Absent",C8="",D8=""),"", (D8-C8)*1440) -> 457 | F8: =IF(OR(C8="",C8="Absent"),"", MAX(0,(C8 - TIME(8,50,0))*1440)) -> 0 | G8: =IF(C8="","", MAX(0,480 - E8)) -> 23 | H8: =IF(OR(TRIM(C8)="Absent", TRIM(C8)="ABSENT"), "Absent", IF(OR(TRIM(C8)="", TRIM(C8)="-", TRIM(D8)="", TRIM(D8)="-"), "Missing", IF( IF(ISNUMBER(C8), C8, IFERROR(TIMEVALUE(C8), 0)) < TIME(8,30,0), "Early", IF( AND( IF(ISNUMBER(C8), C8, IFERROR(TIMEVALUE(C8), 0)) >= TIME(8,30,0), IF(ISNUMBER(C8), C8, IFERROR(TIMEVALUE(C8), 0)) <= TIME(8,50,0), (IF(ISNUMBER(D8), D8, IFERROR(TIMEVALUE(D8), 0)) - IF(ISNUMBER(C8), C8, IFERROR(TIMEVALUE(C8), 0))) >= TIME(8,0,0) ), "On Time", "Late" ) ) ) ) -> Late | I8: 480
A9: Sheet 18 | B9: 2026-01-12 | C9: 8:30 AM | D9: 4:46 PM | E9: =IF(OR(C9="Absent",D9="Absent",C9="",D9=""),"", (D9-C9)*1440) -> 496 | F9: =IF(OR(C9="",C9="Absent"),"", MAX(0,(C9 - TIME(8,50,0))*1440)) -> 0 | G9: =IF(C9="","", MAX(0,480 - E9)) -> 0 | H9: =IF(OR(TRIM(C9)="Absent", TRIM(C9)="ABSENT"), "Absent", IF(OR(TRIM(C9)="", TRIM(C9)="-", TRIM(D9)="", TRIM(D9)="-"), "Missing", IF( IF(ISNUMBER(C9), C9, IFERROR(TIMEVALUE(C9), 0)) < TIME(8,30,0), "Early", IF( AND( IF(ISNUMBER(C9), C9, IFERROR(TIMEVALUE(C9), 0)) >= TIME(8,30,0), IF(ISNUMBER(C9), C9, IFERROR(TIMEVALUE(C9), 0)) <= TIME(8,50,0), (IF(ISNUMBER(D9), D9, IFERROR(TIMEVALUE(D9), 0)) - IF(ISNUMBER(C9), C9, IFERROR(TIMEVALUE(C9), 0))) >= TIME(8,0,0) ), "On Time", "Late" ) ) ) ) -> On Time | I9: 480
A10: Sheet 18 | B10: 2026-01-13 | C10: 8:24 AM | D10: 5:39 PM | E10: =IF(OR(C10="Absent",D10="Absent",C10="",D10=""),"", (D10-C10)*1440) -> 555 | F10: =IF(OR(C10="",C10="Absent"),"", MAX(0,(C10 - TIME(8,50,0))*1440)) -> 0 | G10: =IF(C10="","", MAX(0,480 - E10)) -> 0 | H10: =IF(OR(TRIM(C10)="Absent", TRIM(C10)="ABSENT"), "Absent", IF(OR(TRIM(C10)="", TRIM(C10)="-", TRIM(D10)="", TRIM(D10)="-"), "Missing", IF( IF(ISNUMBER(C10), C10, IFERROR(TIMEVALUE(C10), 0)) < TIME(8,30,0), "Early", IF( AND( IF(ISNUMBER(C10), C10, IFERROR(TIMEVALUE(C10), 0)) >= TIME(8,30,0), IF(ISNUMBER(C10), C10, IFERROR(TIMEVALUE(C10), 0)) <= TIME(8,50,0), (IF(ISNUMBER(D10), D10, IFERROR(TIMEVALUE(D10), 0)) - IF(ISNUMBER(C10), C10, IFERROR(TIMEVALUE(C10), 0))) >= TIME(8,0,0) ), "On Time", "Late" ) ) ) ) -> Early | I10: 480
A11: Sheet 18 | B11: 2026-01-14 | C11: 8:26 AM | D11: 5:52 PM | E11: =IF(OR(C11="Absent",D11="Absent",C11="",D11=""),"", (D11-C11)*1440) -> 566 | F11: =IF(OR(C11="",C11="Absent"),"", MAX(0,(C11 - TIME(8,50,0))*1440)) -> 0 | G11: =IF(C11="","", MAX(0,480 - E11)) -> 0 | H11: =IF(OR(TRIM(C11)="Absent", TRIM(C11)="ABSENT"), "Absent", IF(OR(TRIM(C11)="", TRIM(C11)="-", TRIM(D11)="", TRIM(D11)="-"), "Missing", IF( IF(ISNUMBER(C11), C11, IFERROR(TIMEVALUE(C11), 0)) < TIME(8,30,0), "Early", IF( AND( IF(ISNUMBER(C11), C11, IFERROR(TIMEVALUE(C11), 0)) >= TIME(8,30,0), IF(ISNUMBER(C11), C11, IFERROR(TIMEVALUE(C11), 0)) <= TIME(8,50,0), (IF(ISNUMBER(D11), D11, IFERROR(TIMEVALUE(D11), 0)) - IF(ISNUMBER(C11), C11, IFERROR(TIMEVALUE(C11), 0))) >= TIME(8,0,0) ), "On Time", "Late" ) ) ) ) -> Early | I11: 480
A12: Sheet 18 | B12: 2026-01-15 | C12: 8:28 AM | D12: 5:37 PM | E12: =IF(OR(C12="Absent",D12="Absent",C12="",D12=""),"", (D12-C12)*1440) -> 549 | F12: =IF(OR(C12="",C12="Absent"),"", MAX(0,(C12 - TIME(8,50,0))*1440)) -> 0 | G12: =IF(C12="","", MAX(0,480 - E12)) -> 0 | H12: =IF(OR(TRIM(C12)="Absent", TRIM(C12)="ABSENT"), "Absent", IF(OR(TRIM(C12)="", TRIM(C12)="-", TRIM(D12)="", TRIM(D12)="-"), "Missing", IF( IF(ISNUMBER(C12), C12, IFERROR(TIMEVALUE(C12), 0)) < TIME(8,30,0), "Early", IF( AND( IF(ISNUMBER(C12), C12, IFERROR(TIMEVALUE(C12), 0)) >= TIME(8,30,0), IF(ISNUMBER(C12), C12, IFERROR(TIMEVALUE(C12), 0)) <= TIME(8,50,0), (IF(ISNUMBER(D12), D12, IFERROR(TIMEVALUE(D12), 0)) - IF(ISNUMBER(C12), C12, IFERROR(TIMEVALUE(C12), 0))) >= TIME(8,0,0) ), "On Time", "Late" ) ) ) ) -> Early | I12: 480
A13: Sheet 18 | B13: 2026-01-16 | C13: 8:33 AM | D13: 5:01 PM | E13: =IF(OR(C13="Absent",D13="Absent",C13="",D13=""),"", (D13-C13)*1440) -> 508 | F13: =IF(OR(C13="",C13="Absent"),"", MAX(0,(C13 - TIME(8,50,0))*1440)) -> 0 | G13: =IF(C13="","", MAX(0,480 - E13)) -> 0 | H13: =IF(OR(TRIM(C13)="Absent", TRIM(C13)="ABSENT"), "Absent", IF(OR(TRIM(C13)="", TRIM(C13)="-", TRIM(D13)="", TRIM(D13)="-"), "Missing", IF( IF(ISNUMBER(C13), C13, IFERROR(TIMEVALUE(C13), 0)) < TIME(8,30,0), "Early", IF( AND( IF(ISNUMBER(C13), C13, IFERROR(TIMEVALUE(C13), 0)) >= TIME(8,30,0), IF(ISNUMBER(C13), C13, IFERROR(TIMEVALUE(C13), 0)) <= TIME(8,50,0), (IF(ISNUMBER(D13), D13, IFERROR(TIMEVALUE(D13), 0)) - IF(ISNUMBER(C13), C13, IFERROR(TIMEVALUE(C13), 0))) >= TIME(8,0,0) ), "On Time", "Late" ) ) ) ) -> On Time | I13: 480
... A23: Sheet 18 | B23: 2026-01-30 | C23: Absent | D23: - | E23: =IF(OR(C23="Absent",D23="Absent",C23="",D23=""),"", (D23-C23)*1440) | F23: =IF(OR(C23="",C23="Absent"),"", MAX(0,(C23 - TIME(8,50,0))*1440)) | G23: =IF(C23="","", MAX(0,480 - E23)) -> #VALUE! | H23: =IF(OR(TRIM(C23)="Absent", TRIM(C23)="ABSENT"), "Absent", IF(OR(TRIM(C23)="", TRIM(C23)="-", TRIM(D23)="", TRIM(D23)="-"), "Missing", IF( IF(ISNUMBER(C23), C23, IFERROR(TIMEVALUE(C23), 0)) < TIME(8,30,0), "Early", IF( AND( IF(ISNUMBER(C23), C23, IFERROR(TIMEVALUE(C23), 0)) >= TIME(8,30,0), IF(ISNUMBER(C23), C23, IFERROR(TIMEVALUE(C23), 0)) <= TIME(8,50,0), (IF(ISNUMBER(D23), D23, IFERROR(TIMEVALUE(D23), 0)) - IF(ISNUMBER(C23), C23, IFERROR(TIMEVALUE(C23), 0))) >= TIME(8,0,0) ), "On Time", "Late" ) ) ) ) -> Absent | I23: 480

Sheet Sheet 17
A1: Name | B1: Date | C1: Time In | D1: Time Out | E1: Worked Minutes | F1: Late Minutes | G1: Less Than 8 Hours | H1: Status | I1: Target time | J1: Comments
A2: Sheet 17 | B2: 2026-01-01 | C2: 8:25 AM | D2: - | E2: =IF(OR(C2="Absent",D2="Absent",C2="",D2=""),"", (D2-C2)*1440) -> #VALUE! | F2: =IF(OR(C2="",C2="Absent"),"", MAX(0,(C2 - TIME(8,50,0))*1440)) -> 0 | G2: =IF(C2="","", MAX(0,480 - E2)) -> #VALUE! | H2: =IF(OR(TRIM(C2)="Absent", TRIM(C2)="ABSENT"), "Absent", IF(OR(TRIM(C2)="", TRIM(C2)="-", TRIM(D2)="", TRIM(D2)="-"), "Missing", IF( IF(ISNUMBER(C2), C2, IFERROR(TIMEVALUE(C2), 0)) < TIME(8,30,0), "Early", IF( AND( IF(ISNUMBER(C2), C2, IFERROR(TIMEVALUE(C2), 0)) >= TIME(8,30,0), IF(ISNUMBER(C2), C2, IFERROR(TIMEVALUE(C2), 0)) <= TIME(8,50,0), (IF(ISNUMBER(D2), D2, IFERROR(TIMEVALUE(D2), 0)) - IF(ISNUMBER(C2), C2, IFERROR(TIMEVALUE(C2), 0))) >= TIME(8,0,0) ), "On Time", "Late" ) ) ) ) -> Missing | I2: 480
A3: Sheet 17 | B3: 2026-01-02 | C3: 8:16 AM | D3: - | E3: =IF(OR(C3="Absent",D3="Absent",C3="",D3=""),"", (D3-C3)*1440) -> #VALUE! | F3: =IF(OR(C3="",C3="Absent"),"", MAX(0,(C3 - TIME(8,50,0))*1440)) -> 0 | G3: =IF(C3="","", MAX(0,480 - E3)) -> #VALUE! | H3: =IF(OR(TRIM(C3)="Absent", TRIM(C3)="ABSENT"), "Absent", IF(OR(TRIM(C3)="", TRIM(C3)="-", TRIM(D3)="", TRIM(D3)="-"), "Missing", IF( IF(ISNUMBER(C3), C3, IFERROR(TIMEVALUE(C3), 0)) < TIME(8,30,0), "Early", IF( AND( IF(ISNUMBER(C3), C3, IFERROR(TIMEVALUE(C3), 0)) >= TIME(8,30,0), IF(ISNUMBER(C3), C3, IFERROR(TIMEVALUE(C3), 0)) <= TIME(8,50,0), (IF(ISNUMBER(D3), D3, IFERROR(TIMEVALUE(D3), 0)) - IF(ISNUMBER(C3), C3, IFERROR(TIMEVALUE(C3), 0))) >= TIME(8,0,0) ), "On Time", "Late" ) ) ) ) -> Missing | I3: 480
A4: Sheet 17 | B4: 2026-01-05 | C4: 8:20 AM | D4: - | E4: =IF(OR(C4="Absent",D4="Absent",C4="",D4=""),"", (D4-C4)*1440) -> #VALUE! | F4: =IF(OR(C4="",C4="Absent"),"", MAX(0,(C4 - TIME(8,50,0))*1440)) -> 0 | G4: =IF(C4="","", MAX(0,480 - E4)) -> #VALUE! | H4: =IF(OR(TRIM(C4)="Absent", TRIM(C4)="ABSENT"), "Absent", IF(OR(TRIM(C4)="", TRIM(C4)="-", TRIM(D4)="", TRIM(D4)="-"), "Missing", IF( IF(ISNUMBER(C4), C4, IFERROR(TIMEVALUE(C4), 0)) < TIME(8,30,0), "Early", IF( AND( IF(ISNUMBER(C4), C4, IFERROR(TIMEVALUE(C4), 0)) >= TIME(8,30,0), IF(ISNUMBER(C4), C4, IFERROR(TIMEVALUE(C4), 0)) <= TIME(8,50,0), (IF(ISNUMBER(D4), D4, IFERROR(TIMEVALUE(D4), 0)) - IF(ISNUMBER(C4), C4, IFERROR(TIMEVALUE(C4), 0))) >= TIME(8,0,0) ), "On Time", "Late" ) ) ) ) -> Missing | I4: 480
A5: Sheet 17 | B5: 2026-01-06 | C5: 8:15 AM | D5: 5:38 PM | E5: =IF(OR(C5="Absent",D5="Absent",C5="",D5=""),"", (D5-C5)*1440) -> 563 | F5: =IF(OR(C5="",C5="Absent"),"", MAX(0,(C5 - TIME(8,50,0))*1440)) -> 0 | G5: =IF(C5="","", MAX(0,480 - E5)) -> 0 | H5: =IF(OR(TRIM(C5)="Absent", TRIM(C5)="ABSENT"), "Absent", IF(OR(TRIM(C5)="", TRIM(C5)="-", TRIM(D5)="", TRIM(D5)="-"), "Missing", IF( IF(ISNUMBER(C5), C5, IFERROR(TIMEVALUE(C5), 0)) < TIME(8,30,0), "Early", IF( AND( IF(ISNUMBER(C5), C5, IFERROR(TIMEVALUE(C5), 0)) >= TIME(8,30,0), IF(ISNUMBER(C5), C5, IFERROR(TIMEVALUE(C5), 0)) <= TIME(8,50,0), (IF(ISNUMBER(D5), D5, IFERROR(TIMEVALUE(D5), 0)) - IF(ISNUMBER(C5), C5, IFERROR(TIMEVALUE(C5), 0))) >= TIME(8,0,0) ), "On Time", "Late" ) ) ) ) -> Early | I5: 480
A6: Sheet 17 | B6: 2026-01-07 | C6: 8:36 AM | D6: 5:39 PM | E6: =IF(OR(C6="Absent",D6="Absent",C6="",D6=""),"", (D6-C6)*1440) -> 543 | F6: =IF(OR(C6="",C6="Absent"),"", MAX(0,(C6 - TIME(8,50,0))*1440)) -> 0 | G6: =IF(C6="","", MAX(0,480 - E6)) -> 0 | H6: =IF(OR(TRIM(C6)="Absent", TRIM(C6)="ABSENT"), "Absent", IF(OR(TRIM(C6)="", TRIM(C6)="-", TRIM(D6)="", TRIM(D6)="-"), "Missing", IF( IF(ISNUMBER(C6), C6, IFERROR(TIMEVALUE(C6), 0)) < TIME(8,30,0), "Early", IF( AND( IF(ISNUMBER(C6), C6, IFERROR(TIMEVALUE(C6), 0)) >= TIME(8,30,0), IF(ISNUMBER(C6), C6, IFERROR(TIMEVALUE(C6), 0)) <= TIME(8,50,0), (IF(ISNUMBER(D6), D6, IFERROR(TIMEVALUE(D6), 0)) - IF(ISNUMBER(C6), C6, IFERROR(TIMEVALUE(C6), 0))) >= TIME(8,0,0) ), "On Time", "Late" ) ) ) ) -> On Time | I6: 480
A7: Sheet 17 | B7: 2026-01-08 | C7: 8:21 AM | D7: 5:40 PM | E7: =IF(OR(C7="Absent",D7="Absent",C7="",D7=""),"", (D7-C7)*1440) -> 559 | F7: =IF(OR(C7="",C7="Absent"),"", MAX(0,(C7 - TIME(8,50,0))*1440)) -> 0 | G7: =IF(C7="","", MAX(0,480 - E7)) -> 0 | H7: =IF(OR(TRIM(C7)="Absent", TRIM(C7)="ABSENT"), "Absent", IF(OR(TRIM(C7)="", TRIM(C7)="-", TRIM(D7)="", TRIM(D7)="-"), "Missing", IF( IF(ISNUMBER(C7), C7, IFERROR(TIMEVALUE(C7), 0)) < TIME(8,30,0), "Early", IF( AND( IF(ISNUMBER(C7), C7, IFERROR(TIMEVALUE(C7), 0)) >= TIME(8,30,0), IF(ISNUMBER(C7), C7, IFERROR(TIMEVALUE(C7), 0)) <= TIME(8,50,0), (IF(ISNUMBER(D7), D7, IFERROR(TIMEVALUE(D7), 0)) - IF(ISNUMBER(C7), C7, IFERROR(TIMEVALUE(C7), 0))) >= TIME(8,0,0) ), "On Time", "Late" ) ) ) ) -> Early | I7: 480
A8: Sheet 17 | B8: 2026-01-09 | C8: 8:17 AM | D8: - | E8: =IF(OR(C8="Absent",D8="Absent",C8="",D8=""),"", (D8-C8)*1440) -> #VALUE! | F8: =IF(OR(C8="",C8="Absent"),"", MAX(0,(C8 - TIME(8,50,0))*1440)) -> 0 | G8: =IF(C8="","", MAX(0,480 - E8)) -> #VALUE! | H8: =IF(OR(TRIM(C8)="Absent", TRIM(C8)="ABSENT"), "Absent", IF(OR(TRIM(C8)="", TRIM(C8)="-", TRIM(D8)="", TRIM(D8)="-"), "Missing", IF( IF(ISNUMBER(C8), C8, IFERROR(TIMEVALUE(C8), 0)) < TIME(8,30,0), "Early", IF( AND( IF(ISNUMBER(C8), C8, IFERROR(TIMEVALUE(C8), 0)) >= TIME(8,30,0), IF(ISNUMBER(C8), C8, IFERROR(TIMEVALUE(C8), 0)) <= TIME(8,50,0), (IF(ISNUMBER(D8), D8, IFERROR(TIMEVALUE(D8), 0)) - IF(ISNUMBER(C8), C8, IFERROR(TIMEVALUE(C8), 0))) >= TIME(8,0,0) ), "On Time", "Late" ) ) ) ) -> Missing | I8: 480
A9: Sheet 17 | B9: 2026-01-12 | C9: 8:17 AM | D9: 8:17 AM | E9: =IF(OR(C9="Absent",D9="Absent",C9="",D9=""),"", (D9-C9)*1440) -> 0 | F9: =IF(OR(C9="",C9="Absent"),"", MAX(0,(C9 - TIME(8,50,0))*1440)) -> 0 | G9: =IF(C9="","", MAX(0,480 - E9)) -> 480 | H9: =IF(OR(TRIM(C9)="Absent", TRIM(C9)="ABSENT"), "Absent", IF(OR(TRIM(C9)="", TRIM(C9)="-", TRIM(D9)="", TRIM(D9)="-"), "Missing", IF( IF(ISNUMBER(C9), C9, IFERROR(TIMEVALUE(C9), 0)) < TIME(8,30,0), "Early", IF( AND( IF(ISNUMBER(C9), C9, IFERROR(TIMEVALUE(C9), 0)) >= TIME(8,30,0), IF(ISNUMBER(C9), C9, IFERROR(TIMEVALUE(C9), 0)) <= TIME(8,50,0), (IF(ISNUMBER(D9), D9, IFERROR(TIMEVALUE(D9), 0)) - IF(ISNUMBER(C9), C9, IFERROR(TIMEVALUE(C9), 0))) >= TIME(8,0,0) ), "On Time", "Late" ) ) ) ) -> Early | I9: 480
A10: Sheet 17 | B10: 2026-01-13 | C10: 8:21 AM | D10: 5:43 PM | E10: =IF(OR(C10="Absent",D10="Absent",C10="",D10=""),"", (D10-C10)*1440) -> 562 | F10: =IF(OR(C10="",C10="Absent"),"", MAX(0,(C10 - TIME(8,50,0))*1440)) -> 0 | G10: =IF(C10="","", MAX(0,480 - E10)) -> 0 | H10: =IF(OR(TRIM(C10)="Absent", TRIM(C10)="ABSENT"), "Absent", IF(OR(TRIM(C10)="", TRIM(C10)="-", TRIM(D10)="", TRIM(D10)="-"), "Missing", IF( IF(ISNUMBER(C10), C10, IFERROR(TIMEVALUE(C10), 0)) < TIME(8,30,0), "Early", IF( AND( IF(ISNUMBER(C10), C10, IFERROR(TIMEVALUE(C10), 0)) >= TIME(8,30,0), IF(ISNUMBER(C10), C10, IFERROR(TIMEVALUE(C10), 0)) <= TIME(8,50,0), (IF(ISNUMBER(D10), D10, IFERROR(TIMEVALUE(D10), 0)) - IF(ISNUMBER(C10), C10, IFERROR(TIMEVALUE(C10), 0))) >= TIME(8,0,0) ), "On Time", "Late" ) ) ) ) -> Early | I10: 480
A11: Sheet 17 | B11: 2026-01-14 | C11: 8:18 AM | D11: 4:53 PM | E11: =IF(OR(C11="Absent",D11="Absent",C11="",D11=""),"", (D11-C11)*1440) -> 515 | F11: =IF(OR(C11="",C11="Absent"),"", MAX(0,(C11 - TIME(8,50,0))*1440)) -> 0 | G11: =IF(C11="","", MAX(0,480 - E11)) -> 0 | H11: =IF(OR(TRIM(C11)="Absent", TRIM(C11)="ABSENT"), "Absent", IF(OR(TRIM(C11)="", TRIM(C11)="-", TRIM(D11)="", TRIM(D11)="-"), "Missing", IF( IF(ISNUMBER(C11), C11, IFERROR(TIMEVALUE(C11), 0)) < TIME(8,30,0), "Early", IF( AND( IF(ISNUMBER(C11), C11, IFERROR(TIMEVALUE(C11), 0)) >= TIME(8,30,0), IF(ISNUMBER(C11), C11, IFERROR(TIMEVALUE(C11), 0)) <= TIME(8,50,0), (IF(ISNUMBER(D11), D11, IFERROR(TIMEVALUE(D11), 0)) - IF(ISNUMBER(C11), C11, IFERROR(TIMEVALUE(C11), 0))) >= TIME(8,0,0) ), "On Time", "Late" ) ) ) ) -> Early | I11: 480
A12: Sheet 17 | B12: 2026-01-15 | C12: 8:28 AM | D12: 4:51 PM | E12: =IF(OR(C12="Absent",D12="Absent",C12="",D12=""),"", (D12-C12)*1440) -> 503 | F12: =IF(OR(C12="",C12="Absent"),"", MAX(0,(C12 - TIME(8,50,0))*1440)) -> 0 | G12: =IF(C12="","", MAX(0,480 - E12)) -> 0 | H12: =IF(OR(TRIM(C12)="Absent", TRIM(C12)="ABSENT"), "Absent", IF(OR(TRIM(C12)="", TRIM(C12)="-", TRIM(D12)="", TRIM(D12)="-"), "Missing", IF( IF(ISNUMBER(C12), C12, IFERROR(TIMEVALUE(C12), 0)) < TIME(8,30,0), "Early", IF( AND( IF(ISNUMBER(C12), C12, IFERROR(TIMEVALUE(C12), 0)) >= TIME(8,30,0), IF(ISNUMBER(C12), C12, IFERROR(TIMEVALUE(C12), 0)) <= TIME(8,50,0), (IF(ISNUMBER(D12), D12, IFERROR(TIMEVALUE(D12), 0)) - IF(ISNUMBER(C12), C12, IFERROR(TIMEVALUE(C12), 0))) >= TIME(8,0,0) ), "On Time", "Late" ) ) ) ) -> Early | I12: 480
A13: Sheet 17 | B13: 2026-01-16 | C13: 8:23 AM | D13: 4:45 PM | E13: =IF(OR(C13="Absent",D13="Absent",C13="",D13=""),"", (D13-C13)*1440) -> 502 | F13: =IF(OR(C13="",C13="Absent"),"", MAX(0,(C13 - TIME(8,50,0))*1440)) -> 0 | G13: =IF(C13="","", MAX(0,480 - E13)) -> 0 | H13: =IF(OR(TRIM(C13)="Absent", TRIM(C13)="ABSENT"), "Absent", IF(OR(TRIM(C13)="", TRIM(C13)="-", TRIM(D13)="", TRIM(D13)="-"), "Missing", IF( IF(ISNUMBER(C13), C13, IFERROR(TIMEVALUE(C13), 0)) < TIME(8,30,0), "Early", IF( AND( IF(ISNUMBER(C13), C13, IFERROR(TIMEVALUE(C13), 0)) >= TIME(8,30,0), IF(ISNUMBER(C13), C13, IFERROR(TIMEVALUE(C13), 0)) <= TIME(8,50,0), (IF(ISNUMBER(D13), D13, IFERROR(TIMEVALUE(D13), 0)) - IF(ISNUMBER(C13), C13, IFERROR(TIMEVALUE(C13), 0))) >= TIME(8,0,0) ), "On Time", "Late" ) ) ) ) -> Early | I13: 480
... A23: Sheet 17 | B23: 2026-01-30 | C23: 8:21 AM | D23: 5:13 PM | E23: =IF(OR(C23="Absent",D23="Absent",C23="",D23=""),"", (D23-C23)*1440) -> 532 | F23: =IF(OR(C23="",C23="Absent"),"", MAX(0,(C23 - TIME(8,50,0))*1440)) -> 0 | G23: =IF(C23="","", MAX(0,480 - E23)) -> 0 | H23: =IF(OR(TRIM(C23)="Absent", TRIM(C23)="ABSENT"), "Absent", IF(OR(TRIM(C23)="", TRIM(C23)="-", TRIM(D23)="", TRIM(D23)="-"), "Missing", IF( IF(ISNUMBER(C23), C23, IFERROR(TIMEVALUE(C23), 0)) < TIME(8,30,0), "Early", IF( AND( IF(ISNUMBER(C23), C23, IFERROR(TIMEVALUE(C23), 0)) >= TIME(8,30,0), IF(ISNUMBER(C23), C23, IFERROR(TIMEVALUE(C23), 0)) <= TIME(8,50,0), (IF(ISNUMBER(D23), D23, IFERROR(TIMEVALUE(D23), 0)) - IF(ISNUMBER(C23), C23, IFERROR(TIMEVALUE(C23), 0))) >= TIME(8,0,0) ), "On Time", "Late" ) ) ) ) -> Early | I23: 480

Sheet Sheet 16
A1: Name | B1: Date | C1: Time In | D1: Time Out | E1: Worked Minutes | F1: Late Minutes | G1: Less Than 8 Hours | H1: Status | I1: Target time | J1: Comments
A2: Sheet 16 | B2: 2026-01-01 | C2: 8:41 AM | D2: 4:57 PM | E2: =IF(OR(C2="Absent",D2="Absent",C2="",D2=""),"", (D2-C2)*1440) -> 496 | F2: =IF(OR(C2="",C2="Absent"),"", MAX(0,(C2 - TIME(8,50,0))*1440)) -> 0 | G2: =IF(C2="","", MAX(0,480 - E2)) -> 0 | H2: =IF(OR(TRIM(C2)="Absent", TRIM(C2)="ABSENT"), "Absent", IF(OR(TRIM(C2)="", TRIM(C2)="-", TRIM(D2)="", TRIM(D2)="-"), "Missing", IF( IF(ISNUMBER(C2), C2, IFERROR(TIMEVALUE(C2), 0)) < TIME(8,30,0), "Early", IF( AND( IF(ISNUMBER(C2), C2, IFERROR(TIMEVALUE(C2), 0)) >= TIME(8,30,0), IF(ISNUMBER(C2), C2, IFERROR(TIMEVALUE(C2), 0)) <= TIME(8,50,0), (IF(ISNUMBER(D2), D2, IFERROR(TIMEVALUE(D2), 0)) - IF(ISNUMBER(C2), C2, IFERROR(TIMEVALUE(C2), 0))) >= TIME(8,0,0) ), "On Time", "Late" ) ) ) ) -> On Time | I2: 480
A3: Sheet 16 | B3: 2026-01-02 | C3: 8:52 AM | D3: 4:03 PM | E3: =IF(OR(C3="Absent",D3="Absent",C3="",D3=""),"", (D3-C3)*1440) -> 431 | F3: =IF(OR(C3="",C3="Absent"),"", MAX(0,(C3 - TIME(8,50,0))*1440)) -> 2 | G3: =IF(C3="","", MAX(0,480 - E3)) -> 49 | H3: =IF(OR(TRIM(C3)="Absent", TRIM(C3)="ABSENT"), "Absent", IF(OR(TRIM(C3)="", TRIM(C3)="-", TRIM(D3)="", TRIM(D3)="-"), "Missing", IF( IF(ISNUMBER(C3), C3, IFERROR(TIMEVALUE(C3), 0)) < TIME(8,30,0), "Early", IF( AND( IF(ISNUMBER(C3), C3, IFERROR(TIMEVALUE(C3), 0)) >= TIME(8,30,0), IF(ISNUMBER(C3), C3, IFERROR(TIMEVALUE(C3), 0)) <= TIME(8,50,0), (IF(ISNUMBER(D3), D3, IFERROR(TIMEVALUE(D3), 0)) - IF(ISNUMBER(C3), C3, IFERROR(TIMEVALUE(C3), 0))) >= TIME(8,0,0) ), "On Time", "Late" ) ) ) ) -> Late | I3: 480
A4: Sheet 16 | B4: 2026-01-05 | C4: 8:42 AM | D4: 5:44 PM | E4: =IF(OR(C4="Absent",D4="Absent",C4="",D4=""),"", (D4-C4)*1440) -> 542 | F4: =IF(OR(C4="",C4="Absent"),"", MAX(0,(C4 - TIME(8,50,0))*1440)) -> 0 | G4: =IF(C4="","", MAX(0,480 - E4)) -> 0 | H4: =IF(OR(TRIM(C4)="Absent", TRIM(C4)="ABSENT"), "Absent", IF(OR(TRIM(C4)="", TRIM(C4)="-", TRIM(D4)="", TRIM(D4)="-"), "Missing", IF( IF(ISNUMBER(C4), C4, IFERROR(TIMEVALUE(C4), 0)) < TIME(8,30,0), "Early", IF( AND( IF(ISNUMBER(C4), C4, IFERROR(TIMEVALUE(C4), 0)) >= TIME(8,30,0), IF(ISNUMBER(C4), C4, IFERROR(TIMEVALUE(C4), 0)) <= TIME(8,50,0), (IF(ISNUMBER(D4), D4, IFERROR(TIMEVALUE(D4), 0)) - IF(ISNUMBER(C4), C4, IFERROR(TIMEVALUE(C4), 0))) >= TIME(8,0,0) ), "On Time", "Late" ) ) ) ) -> On Time | I4: 480
A5: Sheet 16 | B5: 2026-01-06 | C5: 8:43 AM | D5: 6:32 PM | E5: =IF(OR(C5="Absent",D5="Absent",C5="",D5=""),"", (D5-C5)*1440) -> 589 | F5: =IF(OR(C5="",C5="Absent"),"", MAX(0,(C5 - TIME(8,50,0))*1440)) -> 0 | G5: =IF(C5="","", MAX(0,480 - E5)) -> 0 | H5: =IF(OR(TRIM(C5)="Absent", TRIM(C5)="ABSENT"), "Absent", IF(OR(TRIM(C5)="", TRIM(C5)="-", TRIM(D5)="", TRIM(D5)="-"), "Missing", IF( IF(ISNUMBER(C5), C5, IFERROR(TIMEVALUE(C5), 0)) < TIME(8,30,0), "Early", IF( AND( IF(ISNUMBER(C5), C5, IFERROR(TIMEVALUE(C5), 0)) >= TIME(8,30,0), IF(ISNUMBER(C5), C5, IFERROR(TIMEVALUE(C5), 0)) <= TIME(8,50,0), (IF(ISNUMBER(D5), D5, IFERROR(TIMEVALUE(D5), 0)) - IF(ISNUMBER(C5), C5, IFERROR(TIMEVALUE(C5), 0))) >= TIME(8,0,0) ), "On Time", "Late" ) ) ) ) -> On Time | I5: 480
A6: Sheet 16 | B6: 2026-01-07 | C6: 8:47 AM | D6: 6:24 PM | E6: =IF(OR(C6="Absent",D6="Absent",C6="",D6=""),"", (D6-C6)*1440) -> 577 | F6: =IF(OR(C6="",C6="Absent"),"", MAX(0,(C6 - TIME(8,50,0))*1440)) -> 0 | G6: =IF(C6="","", MAX(0,480 - E6)) -> 0 | H6: =IF(OR(TRIM(C6)="Absent", TRIM(C6)="ABSENT"), "Absent", IF(OR(TRIM(C6)="", TRIM(C6)="-", TRIM(D6)="", TRIM(D6)="-"), "Missing", IF( IF(ISNUMBER(C6), C6, IFERROR(TIMEVALUE(C6), 0)) < TIME(8,30,0), "Early", IF( AND( IF(ISNUMBER(C6), C6, IFERROR(TIMEVALUE(C6), 0)) >= TIME(8,30,0), IF(ISNUMBER(C6), C6, IFERROR(TIMEVALUE(C6), 0)) <= TIME(8,50,0), (IF(ISNUMBER(D6), D6, IFERROR(TIMEVALUE(D6), 0)) - IF(ISNUMBER(C6), C6, IFERROR(TIMEVALUE(C6), 0))) >= TIME(8,0,0) ), "On Time", "Late" ) ) ) ) -> On Time | I6: 480
A7: Sheet 16 | B7: 2026-01-08 | C7: 8:42 AM | D7: 5:21 PM | E7: =IF(OR(C7="Absent",D7="Absent",C7="",D7=""),"", (D7-C7)*1440) -> 519 | F7: =IF(OR(C7="",C7="Absent"),"", MAX(0,(C7 - TIME(8,50,0))*1440)) -> 0 | G7: =IF(C7="","", MAX(0,480 - E7)) -> 0 | H7: =IF(OR(TRIM(C7)="Absent", TRIM(C7)="ABSENT"), "Absent", IF(OR(TRIM(C7)="", TRIM(C7)="-", TRIM(D7)="", TRIM(D7)="-"), "Missing", IF( IF(ISNUMBER(C7), C7, IFERROR(TIMEVALUE(C7), 0)) < TIME(8,30,0), "Early", IF( AND( IF(ISNUMBER(C7), C7, IFERROR(TIMEVALUE(C7), 0)) >= TIME(8,30,0), IF(ISNUMBER(C7), C7, IFERROR(TIMEVALUE(C7), 0)) <= TIME(8,50,0), (IF(ISNUMBER(D7), D7, IFERROR(TIMEVALUE(D7), 0)) - IF(ISNUMBER(C7), C7, IFERROR(TIMEVALUE(C7), 0))) >= TIME(8,0,0) ), "On Time", "Late" ) ) ) ) -> On Time | I7: 480
A8: Sheet 16 | B8: 2026-01-09 | C8: 8:35 AM | D8: 5:43 PM | E8: =IF(OR(C8="Absent",D8="Absent",C8="",D8=""),"", (D8-C8)*1440) -> 548 | F8: =IF(OR(C8="",C8="Absent"),"", MAX(0,(C8 - TIME(8,50,0))*1440)) -> 0 | G8: =IF(C8="","", MAX(0,480 - E8)) -> 0 | H8: =IF(OR(TRIM(C8)="Absent", TRIM(C8)="ABSENT"), "Absent", IF(OR(TRIM(C8)="", TRIM(C8)="-", TRIM(D8)="", TRIM(D8)="-"), "Missing", IF( IF(ISNUMBER(C8), C8, IFERROR(TIMEVALUE(C8), 0)) < TIME(8,30,0), "Early", IF( AND( IF(ISNUMBER(C8), C8, IFERROR(TIMEVALUE(C8), 0)) >= TIME(8,30,0), IF(ISNUMBER(C8), C8, IFERROR(TIMEVALUE(C8), 0)) <= TIME(8,50,0), (IF(ISNUMBER(D8), D8, IFERROR(TIMEVALUE(D8), 0)) - IF(ISNUMBER(C8), C8, IFERROR(TIMEVALUE(C8), 0))) >= TIME(8,0,0) ), "On Time", "Late" ) ) ) ) -> On Time | I8: 480
A9: Sheet 16 | B9: 2026-01-12 | C9: 8:36 AM | D9: 4:46 PM | E9: =IF(OR(C9="Absent",D9="Absent",C9="",D9=""),"", (D9-C9)*1440) -> 490 | F9: =IF(OR(C9="",C9="Absent"),"", MAX(0,(C9 - TIME(8,50,0))*1440)) -> 0 | G9: =IF(C9="","", MAX(0,480 - E9)) -> 0 | H9: =IF(OR(TRIM(C9)="Absent", TRIM(C9)="ABSENT"), "Absent", IF(OR(TRIM(C9)="", TRIM(C9)="-", TRIM(D9)="", TRIM(D9)="-"), "Missing", IF( IF(ISNUMBER(C9), C9, IFERROR(TIMEVALUE(C9), 0)) < TIME(8,30,0), "Early", IF( AND( IF(ISNUMBER(C9), C9, IFERROR(TIMEVALUE(C9), 0)) >= TIME(8,30,0), IF(ISNUMBER(C9), C9, IFERROR(TIMEVALUE(C9), 0)) <= TIME(8,50,0), (IF(ISNUMBER(D9), D9, IFERROR(TIMEVALUE(D9), 0)) - IF(ISNUMBER(C9), C9, IFERROR(TIMEVALUE(C9), 0))) >= TIME(8,0,0) ), "On Time", "Late" ) ) ) ) -> On Time | I9: 480
A10: Sheet 16 | B10: 2026-01-13 | C10: 8:49 AM | D10: 5:39 PM | E10: =IF(OR(C10="Absent",D10="Absent",C10="",D10=""),"", (D10-C10)*1440) -> 530 | F10: =IF(OR(C10="",C10="Absent"),"", MAX(0,(C10 - TIME(8,50,0))*1440)) -> 0 | G10: =IF(C10="","", MAX(0,480 - E10)) -> 0 | H10: =IF(OR(TRIM(C10)="Absent", TRIM(C10)="ABSENT"), "Absent", IF(OR(TRIM(C10)="", TRIM(C10)="-", TRIM(D10)="", TRIM(D10)="-"), "Missing", IF( IF(ISNUMBER(C10), C10, IFERROR(TIMEVALUE(C10), 0)) < TIME(8,30,0), "Early", IF( AND( IF(ISNUMBER(C10), C10, IFERROR(TIMEVALUE(C10), 0)) >= TIME(8,30,0), IF(ISNUMBER(C10), C10, IFERROR(TIMEVALUE(C10), 0)) <= TIME(8,50,0), (IF(ISNUMBER(D10), D10, IFERROR(TIMEVALUE(D10), 0)) - IF(ISNUMBER(C10), C10, IFERROR(TIMEVALUE(C10), 0))) >= TIME(8,0,0) ), "On Time", "Late" ) ) ) ) -> On Time | I10: 480
A11: Sheet 16 | B11: 2026-01-14 | C11: 8:55 AM | D11: 5:57 PM | E11: =IF(OR(C11="Absent",D11="Absent",C11="",D11=""),"", (D11-C11)*1440) -> 542 | F11: =IF(OR(C11="",C11="Absent"),"", MAX(0,(C11 - TIME(8,50,0))*1440)) -> 5 | G11: =IF(C11="","", MAX(0,480 - E11)) -> 0 | H11: =IF(OR(TRIM(C11)="Absent", TRIM(C11)="ABSENT"), "Absent", IF(OR(TRIM(C11)="", TRIM(C11)="-", TRIM(D11)="", TRIM(D11)="-"), "Missing", IF( IF(ISNUMBER(C11), C11, IFERROR(TIMEVALUE(C11), 0)) < TIME(8,30,0), "Early", IF( AND( IF(ISNUMBER(C11), C11, IFERROR(TIMEVALUE(C11), 0)) >= TIME(8,30,0), IF(ISNUMBER(C11), C11, IFERROR(TIMEVALUE(C11), 0)) <= TIME(8,50,0), (IF(ISNUMBER(D11), D11, IFERROR(TIMEVALUE(D11), 0)) - IF(ISNUMBER(C11), C11, IFERROR(TIMEVALUE(C11), 0))) >= TIME(8,0,0) ), "On Time", "Late" ) ) ) ) -> Late | I11: 480
A12: Sheet 16 | B12: 2026-01-15 | C12: 8:59 AM | D12: 5:20 PM | E12: =IF(OR(C12="Absent",D12="Absent",C12="",D12=""),"", (D12-C12)*1440) -> 501 | F12: =IF(OR(C12="",C12="Absent"),"", MAX(0,(C12 - TIME(8,50,0))*1440)) -> 9 | G12: =IF(C12="","", MAX(0,480 - E12)) -> 0 | H12: =IF(OR(TRIM(C12)="Absent", TRIM(C12)="ABSENT"), "Absent", IF(OR(TRIM(C12)="", TRIM(C12)="-", TRIM(D12)="", TRIM(D12)="-"), "Missing", IF( IF(ISNUMBER(C12), C12, IFERROR(TIMEVALUE(C12), 0)) < TIME(8,30,0), "Early", IF( AND( IF(ISNUMBER(C12), C12, IFERROR(TIMEVALUE(C12), 0)) >= TIME(8,30,0), IF(ISNUMBER(C12), C12, IFERROR(TIMEVALUE(C12), 0)) <= TIME(8,50,0), (IF(ISNUMBER(D12), D12, IFERROR(TIMEVALUE(D12), 0)) - IF(ISNUMBER(C12), C12, IFERROR(TIMEVALUE(C12), 0))) >= TIME(8,0,0) ), "On Time", "Late" ) ) ) ) -> Late | I12: 480
A13: Sheet 16 | B13: 2026-01-16 | C13: 8:26 AM | D13: - | E13: =IF(OR(C13="Absent",D13="Absent",C13="",D13=""),"", (D13-C13)*1440) -> #VALUE! | F13: =IF(OR(C13="",C13="Absent"),"", MAX(0,(C13 - TIME(8,50,0))*1440)) -> 0 | G13: =IF(C13="","", MAX(0,480 - E13)) -> #VALUE! | H13: =IF(OR(TRIM(C13)="Absent", TRIM(C13)="ABSENT"), "Absent", IF(OR(TRIM(C13)="", TRIM(C13)="-", TRIM(D13)="", TRIM(D13)="-"), "Missing", IF( IF(ISNUMBER(C13), C13, IFERROR(TIMEVALUE(C13), 0)) < TIME(8,30,0), "Early", IF( AND( IF(ISNUMBER(C13), C13, IFERROR(TIMEVALUE(C13), 0)) >= TIME(8,30,0), IF(ISNUMBER(C13), C13, IFERROR(TIMEVALUE(C13), 0)) <= TIME(8,50,0), (IF(ISNUMBER(D13), D13, IFERROR(TIMEVALUE(D13), 0)) - IF(ISNUMBER(C13), C13, IFERROR(TIMEVALUE(C13), 0))) >= TIME(8,0,0) ), "On Time", "Late" ) ) ) ) -> Missing | I13: 480
... A23: Sheet 16 | B23: 2026-01-30 | C23: 8:56 AM | D23: 5:11 PM | E23: =IF(OR(C23="Absent",D23="Absent",C23="",D23=""),"", (D23-C23)*1440) -> 495 | F23: =IF(OR(C23="",C23="Absent"),"", MAX(0,(C23 - TIME(8,50,0))*1440)) -> 6 | G23: =IF(C23="","", MAX(0,480 - E23)) -> 0 | H23: =IF(OR(TRIM(C23)="Absent", TRIM(C23)="ABSENT"), "Absent", IF(OR(TRIM(C23)="", TRIM(C23)="-", TRIM(D23)="", TRIM(D23)="-"), "Missing", IF( IF(ISNUMBER(C23), C23, IFERROR(TIMEVALUE(C23), 0)) < TIME(8,30,0), "Early", IF( AND( IF(ISNUMBER(C23), C23, IFERROR(TIMEVALUE(C23), 0)) >= TIME(8,30,0), IF(ISNUMBER(C23), C23, IFERROR(TIMEVALUE(C23), 0)) <= TIME(8,50,0), (IF(ISNUMBER(D23), D23, IFERROR(TIMEVALUE(D23), 0)) - IF(ISNUMBER(C23), C23, IFERROR(TIMEVALUE(C23), 0))) >= TIME(8,0,0) ), "On Time", "Late" ) ) ) ) -> Late | I23: 480

Sheet Sheet 15
A1: Name | B1: Date | C1: Time In | D1: Time Out | E1: Worked Minutes | F1: Late Minutes | G1: Less Than 8 Hours | H1: Status | I1: Target time | J1: Comments
A2: Sheet 15 | B2: 2026-01-01 | C2: 9:07 AM | D2: 5:51 PM | E2: =IF(OR(C2="Absent",D2="Absent",C2="",D2=""),"", (D2-C2)*1440) -> 524 | F2: =IF(OR(C2="",C2="Absent"),"", MAX(0,(C2 - TIME(8,50,0))*1440)) -> 17 | G2: =IF(C2="","", MAX(0,480 - E2)) -> 0 | H2: =IF(OR(TRIM(C2)="Absent", TRIM(C2)="ABSENT"), "Absent", IF(OR(TRIM(C2)="", TRIM(C2)="-", TRIM(D2)="", TRIM(D2)="-"), "Missing", IF( IF(ISNUMBER(C2), C2, IFERROR(TIMEVALUE(C2), 0)) < TIME(8,30,0), "Early", IF( AND( IF(ISNUMBER(C2), C2, IFERROR(TIMEVALUE(C2), 0)) >= TIME(8,30,0), IF(ISNUMBER(C2), C2, IFERROR(TIMEVALUE(C2), 0)) <= TIME(8,50,0), (IF(ISNUMBER(D2), D2, IFERROR(TIMEVALUE(D2), 0)) - IF(ISNUMBER(C2), C2, IFERROR(TIMEVALUE(C2), 0))) >= TIME(8,0,0) ), "On Time", "Late" ) ) ) ) -> Late | I2: 480
A3: Sheet 15 | B3: 2026-01-02 | C3: 9:15 AM | D3: 9:15 AM | E3: =IF(OR(C3="Absent",D3="Absent",C3="",D3=""),"", (D3-C3)*1440) -> 0 | F3: =IF(OR(C3="",C3="Absent"),"", MAX(0,(C3 - TIME(8,50,0))*1440)) -> 25 | G3: =IF(C3="","", MAX(0,480 - E3)) -> 480 | H3: =IF(OR(TRIM(C3)="Absent", TRIM(C3)="ABSENT"), "Absent", IF(OR(TRIM(C3)="", TRIM(C3)="-", TRIM(D3)="", TRIM(D3)="-"), "Missing", IF( IF(ISNUMBER(C3), C3, IFERROR(TIMEVALUE(C3), 0)) < TIME(8,30,0), "Early", IF( AND( IF(ISNUMBER(C3), C3, IFERROR(TIMEVALUE(C3), 0)) >= TIME(8,30,0), IF(ISNUMBER(C3), C3, IFERROR(TIMEVALUE(C3), 0)) <= TIME(8,50,0), (IF(ISNUMBER(D3), D3, IFERROR(TIMEVALUE(D3), 0)) - IF(ISNUMBER(C3), C3, IFERROR(TIMEVALUE(C3), 0))) >= TIME(8,0,0) ), "On Time", "Late" ) ) ) ) -> Late | I3: 480
A4: Sheet 15 | B4: 2026-01-05 | C4: Absent | D4: - | E4: =IF(OR(C4="Absent",D4="Absent",C4="",D4=""),"", (D4-C4)*1440) | F4: =IF(OR(C4="",C4="Absent"),"", MAX(0,(C4 - TIME(8,50,0))*1440)) | G4: =IF(C4="","", MAX(0,480 - E4)) -> #VALUE! | H4: =IF(OR(TRIM(C4)="Absent", TRIM(C4)="ABSENT"), "Absent", IF(OR(TRIM(C4)="", TRIM(C4)="-", TRIM(D4)="", TRIM(D4)="-"), "Missing", IF( IF(ISNUMBER(C4), C4, IFERROR(TIMEVALUE(C4), 0)) < TIME(8,30,0), "Early", IF( AND( IF(ISNUMBER(C4), C4, IFERROR(TIMEVALUE(C4), 0)) >= TIME(8,30,0), IF(ISNUMBER(C4), C4, IFERROR(TIMEVALUE(C4), 0)) <= TIME(8,50,0), (IF(ISNUMBER(D4), D4, IFERROR(TIMEVALUE(D4), 0)) - IF(ISNUMBER(C4), C4, IFERROR(TIMEVALUE(C4), 0))) >= TIME(8,0,0) ), "On Time", "Late" ) ) ) ) -> Absent | I4: 480
A5: Sheet 15 | B5: 2026-01-06 | C5: 9:02 AM | D5: 5:04 PM | E5: =IF(OR(C5="Absent",D5="Absent",C5="",D5=""),"", (D5-C5)*1440) -> 482 | F5: =IF(OR(C5="",C5="Absent"),"", MAX(0,(C5 - TIME(8,50,0))*1440)) -> 12 | G5: =IF(C5="","", MAX(0,480 - E5)) -> 0 | H5: =IF(OR(TRIM(C5)="Absent", TRIM(C5)="ABSENT"), "Absent", IF(OR(TRIM(C5)="", TRIM(C5)="-", TRIM(D5)="", TRIM(D5)="-"), "Missing", IF( IF(ISNUMBER(C5), C5, IFERROR(TIMEVALUE(C5), 0)) < TIME(8,30,0), "Early", IF( AND( IF(ISNUMBER(C5), C5, IFERROR(TIMEVALUE(C5), 0)) >= TIME(8,30,0), IF(ISNUMBER(C5), C5, IFERROR(TIMEVALUE(C5), 0)) <= TIME(8,50,0), (IF(ISNUMBER(D5), D5, IFERROR(TIMEVALUE(D5), 0)) - IF(ISNUMBER(C5), C5, IFERROR(TIMEVALUE(C5), 0))) >= TIME(8,0,0) ), "On Time", "Late" ) ) ) ) -> Late | I5: 480
A6: Sheet 15 | B6: 2026-01-07 | C6: 9:14 AM | D6: 5:32 PM | E6: =IF(OR(C6="Absent",D6="Absent",C6="",D6=""),"", (D6-C6)*1440) -> 498 | F6: =IF(OR(C6="",C6="Absent"),"", MAX(0,(C6 - TIME(8,50,0))*1440)) -> 24 | G6: =IF(C6="","", MAX(0,480 - E6)) -> 0 | H6: =IF(OR(TRIM(C6)="Absent", TRIM(C6)="ABSENT"), "Absent", IF(OR(TRIM(C6)="", TRIM(C6)="-", TRIM(D6)="", TRIM(D6)="-"), "Missing", IF( IF(ISNUMBER(C6), C6, IFERROR(TIMEVALUE(C6), 0)) < TIME(8,30,0), "Early", IF( AND( IF(ISNUMBER(C6), C6, IFERROR(TIMEVALUE(C6), 0)) >= TIME(8,30,0), IF(ISNUMBER(C6), C6, IFERROR(TIMEVALUE(C6), 0)) <= TIME(8,50,0), (IF(ISNUMBER(D6), D6, IFERROR(TIMEVALUE(D6), 0)) - IF(ISNUMBER(C6), C6, IFERROR(TIMEVALUE(C6), 0))) >= TIME(8,0,0) ), "On Time", "Late" ) ) ) ) -> Late | I6: 480
A7: Sheet 15 | B7: 2026-01-08 | C7: 9:08 AM | D7: 5:12 PM | E7: =IF(OR(C7="Absent",D7="Absent",C7="",D7=""),"", (D7-C7)*1440) -> 484 | F7: =IF(OR(C7="",C7="Absent"),"", MAX(0,(C7 - TIME(8,50,0))*1440)) -> 18 | G7: =IF(C7="","", MAX(0,480 - E7)) -> 0 | H7: =IF(OR(TRIM(C7)="Absent", TRIM(C7)="ABSENT"), "Absent", IF(OR(TRIM(C7)="", TRIM(C7)="-", TRIM(D7)="", TRIM(D7)="-"), "Missing", IF( IF(ISNUMBER(C7), C7, IFERROR(TIMEVALUE(C7), 0)) < TIME(8,30,0), "Early", IF( AND( IF(ISNUMBER(C7), C7, IFERROR(TIMEVALUE(C7), 0)) >= TIME(8,30,0), IF(ISNUMBER(C7), C7, IFERROR(TIMEVALUE(C7), 0)) <= TIME(8,50,0), (IF(ISNUMBER(D7), D7, IFERROR(TIMEVALUE(D7), 0)) - IF(ISNUMBER(C7), C7, IFERROR(TIMEVALUE(C7), 0))) >= TIME(8,0,0) ), "On Time", "Late" ) ) ) ) -> Late | I7: 480
A8: Sheet 15 | B8: 2026-01-09 | C8: 9:07 AM | D8: 9:07 AM | E8: =IF(OR(C8="Absent",D8="Absent",C8="",D8=""),"", (D8-C8)*1440) -> 0 | F8: =IF(OR(C8="",C8="Absent"),"", MAX(0,(C8 - TIME(8,50,0))*1440)) -> 17 | G8: =IF(C8="","", MAX(0,480 - E8)) -> 480 | H8: =IF(OR(TRIM(C8)="Absent", TRIM(C8)="ABSENT"), "Absent", IF(OR(TRIM(C8)="", TRIM(C8)="-", TRIM(D8)="", TRIM(D8)="-"), "Missing", IF( IF(ISNUMBER(C8), C8, IFERROR(TIMEVALUE(C8), 0)) < TIME(8,30,0), "Early", IF( AND( IF(ISNUMBER(C8), C8, IFERROR(TIMEVALUE(C8), 0)) >= TIME(8,30,0), IF(ISNUMBER(C8), C8, IFERROR(TIMEVALUE(C8), 0)) <= TIME(8,50,0), (IF(ISNUMBER(D8), D8, IFERROR(TIMEVALUE(D8), 0)) - IF(ISNUMBER(C8), C8, IFERROR(TIMEVALUE(C8), 0))) >= TIME(8,0,0) ), "On Time", "Late" ) ) ) ) -> Late | I8: 480
A9: Sheet 15 | B9: 2026-01-12 | C9: 9:11 AM | D9: 5:20 PM | E9: =IF(OR(C9="Absent",D9="Absent",C9="",D9=""),"", (D9-C9)*1440) -> 489 | F9: =IF(OR(C9="",C9="Absent"),"", MAX(0,(C9 - TIME(8,50,0))*1440)) -> 21 | G9: =IF(C9="","", MAX(0,480 - E9)) -> 0 | H9: =IF(OR(TRIM(C9)="Absent", TRIM(C9)="ABSENT"), "Absent", IF(OR(TRIM(C9)="", TRIM(C9)="-", TRIM(D9)="", TRIM(D9)="-"), "Missing", IF( IF(ISNUMBER(C9), C9, IFERROR(TIMEVALUE(C9), 0)) < TIME(8,30,0), "Early", IF( AND( IF(ISNUMBER(C9), C9, IFERROR(TIMEVALUE(C9), 0)) >= TIME(8,30,0), IF(ISNUMBER(C9), C9, IFERROR(TIMEVALUE(C9), 0)) <= TIME(8,50,0), (IF(ISNUMBER(D9), D9, IFERROR(TIMEVALUE(D9), 0)) - IF(ISNUMBER(C9), C9, IFERROR(TIMEVALUE(C9), 0))) >= TIME(8,0,0) ), "On Time", "Late" ) ) ) ) -> Late | I9: 480
A10: Sheet 15 | B10: 2026-01-13 | C10: 9:01 AM | D10: 5:21 PM | E10: =IF(OR(C10="Absent",D10="Absent",C10="",D10=""),"", (D10-C10)*1440) -> 500 | F10: =IF(OR(C10="",C10="Absent"),"", MAX(0,(C10 - TIME(8,50,0))*1440)) -> 11 | G10: =IF(C10="","", MAX(0,480 - E10)) -> 0 | H10: =IF(OR(TRIM(C10)="Absent", TRIM(C10)="ABSENT"), "Absent", IF(OR(TRIM(C10)="", TRIM(C10)="-", TRIM(D10)="", TRIM(D10)="-"), "Missing", IF( IF(ISNUMBER(C10), C10, IFERROR(TIMEVALUE(C10), 0)) < TIME(8,30,0), "Early", IF( AND( IF(ISNUMBER(C10), C10, IFERROR(TIMEVALUE(C10), 0)) >= TIME(8,30,0), IF(ISNUMBER(C10), C10, IFERROR(TIMEVALUE(C10), 0)) <= TIME(8,50,0), (IF(ISNUMBER(D10), D10, IFERROR(TIMEVALUE(D10), 0)) - IF(ISNUMBER(C10), C10, IFERROR(TIMEVALUE(C10), 0))) >= TIME(8,0,0) ), "On Time", "Late" ) ) ) ) -> Late | I10: 480
A11: Sheet 15 | B11: 2026-01-14 | C11: 9:50 AM | D11: 5:29 PM | E11: =IF(OR(C11="Absent",D11="Absent",C11="",D11=""),"", (D11-C11)*1440) -> 459 | F11: =IF(OR(C11="",C11="Absent"),"", MAX(0,(C11 - TIME(8,50,0))*1440)) -> 60 | G11: =IF(C11="","", MAX(0,480 - E11)) -> 21 | H11: =IF(OR(TRIM(C11)="Absent", TRIM(C11)="ABSENT"), "Absent", IF(OR(TRIM(C11)="", TRIM(C11)="-", TRIM(D11)="", TRIM(D11)="-"), "Missing", IF( IF(ISNUMBER(C11), C11, IFERROR(TIMEVALUE(C11), 0)) < TIME(8,30,0), "Early", IF( AND( IF(ISNUMBER(C11), C11, IFERROR(TIMEVALUE(C11), 0)) >= TIME(8,30,0), IF(ISNUMBER(C11), C11, IFERROR(TIMEVALUE(C11), 0)) <= TIME(8,50,0), (IF(ISNUMBER(D11), D11, IFERROR(TIMEVALUE(D11), 0)) - IF(ISNUMBER(C11), C11, IFERROR(TIMEVALUE(C11), 0))) >= TIME(8,0,0) ), "On Time", "Late" ) ) ) ) -> Late | I11: 480
A12: Sheet 15 | B12: 2026-01-15 | C12: 9:24 AM | D12: 5:40 PM | E12: =IF(OR(C12="Absent",D12="Absent",C12="",D12=""),"", (D12-C12)*1440) -> 496 | F12: =IF(OR(C12="",C12="Absent"),"", MAX(0,(C12 - TIME(8,50,0))*1440)) -> 34 | G12: =IF(C12="","", MAX(0,480 - E12)) -> 0 | H12: =IF(OR(TRIM(C12)="Absent", TRIM(C12)="ABSENT"), "Absent", IF(OR(TRIM(C12)="", TRIM(C12)="-", TRIM(D12)="", TRIM(D12)="-"), "Missing", IF( IF(ISNUMBER(C12), C12, IFERROR(TIMEVALUE(C12), 0)) < TIME(8,30,0), "Early", IF( AND( IF(ISNUMBER(C12), C12, IFERROR(TIMEVALUE(C12), 0)) >= TIME(8,30,0), IF(ISNUMBER(C12), C12, IFERROR(TIMEVALUE(C12), 0)) <= TIME(8,50,0), (IF(ISNUMBER(D12), D12, IFERROR(TIMEVALUE(D12), 0)) - IF(ISNUMBER(C12), C12, IFERROR(TIMEVALUE(C12), 0))) >= TIME(8,0,0) ), "On Time", "Late" ) ) ) ) -> Late | I12: 480
A13: Sheet 15 | B13: 2026-01-16 | C13: 9:18 AM | D13: 4:29 PM | E13: =IF(OR(C13="Absent",D13="Absent",C13="",D13=""),"", (D13-C13)*1440) -> 431 | F13: =IF(OR(C13="",C13="Absent"),"", MAX(0,(C13 - TIME(8,50,0))*1440)) -> 28 | G13: =IF(C13="","", MAX(0,480 - E13)) -> 49 | H13: =IF(OR(TRIM(C13)="Absent", TRIM(C13)="ABSENT"), "Absent", IF(OR(TRIM(C13)="", TRIM(C13)="-", TRIM(D13)="", TRIM(D13)="-"), "Missing", IF( IF(ISNUMBER(C13), C13, IFERROR(TIMEVALUE(C13), 0)) < TIME(8,30,0), "Early", IF( AND( IF(ISNUMBER(C13), C13, IFERROR(TIMEVALUE(C13), 0)) >= TIME(8,30,0), IF(ISNUMBER(C13), C13, IFERROR(TIMEVALUE(C13), 0)) <= TIME(8,50,0), (IF(ISNUMBER(D13), D13, IFERROR(TIMEVALUE(D13), 0)) - IF(ISNUMBER(C13), C13, IFERROR(TIMEVALUE(C13), 0))) >= TIME(8,0,0) ), "On Time", "Late" ) ) ) ) -> Late | I13: 480
... A23: Sheet 15 | B23: 2026-01-30 | C23: 9:05 AM | D23: 3:26 PM | E23: =IF(OR(C23="Absent",D23="Absent",C23="",D23=""),"", (D23-C23)*1440) -> 381 | F23: =IF(OR(C23="",C23="Absent"),"", MAX(0,(C23 - TIME(8,50,0))*1440)) -> 15 | G23: =IF(C23="","", MAX(0,480 - E23)) -> 99 | H23: =IF(OR(TRIM(C23)="Absent", TRIM(C23)="ABSENT"), "Absent", IF(OR(TRIM(C23)="", TRIM(C23)="-", TRIM(D23)="", TRIM(D23)="-"), "Missing", IF( IF(ISNUMBER(C23), C23, IFERROR(TIMEVALUE(C23), 0)) < TIME(8,30,0), "Early", IF( AND( IF(ISNUMBER(C23), C23, IFERROR(TIMEVALUE(C23), 0)) >= TIME(8,30,0), IF(ISNUMBER(C23), C23, IFERROR(TIMEVALUE(C23), 0)) <= TIME(8,50,0), (IF(ISNUMBER(D23), D23, IFERROR(TIMEVALUE(D23), 0)) - IF(ISNUMBER(C23), C23, IFERROR(TIMEVALUE(C23), 0))) >= TIME(8,0,0) ), "On Time", "Late" ) ) ) ) -> Late | I23: 480

Sheet Sheet 14
A1: Name | B1: Date | C1: Time In | D1: Time Out | E1: Worked Minutes | F1: Late Minutes | G1: Less Than 8 Hours | H1: Status | I1: Target time | J1: Comments
A2: Sheet 14 | B2: 2026-01-01 | C2: 8:07 AM | D2: 4:45 PM | E2: =IF(OR(C2="Absent",D2="Absent",C2="",D2=""),"", (D2-C2)*1440) -> 518 | F2: =IF(OR(C2="",C2="Absent"),"", MAX(0,(C2 - TIME(8,50,0))*1440)) -> 0 | G2: =IF(C2="","", MAX(0,480 - E2)) -> 0 | H2: =IF(OR(TRIM(C2)="Absent", TRIM(C2)="ABSENT"), "Absent", IF(OR(TRIM(C2)="", TRIM(C2)="-", TRIM(D2)="", TRIM(D2)="-"), "Missing", IF( IF(ISNUMBER(C2), C2, IFERROR(TIMEVALUE(C2), 0)) < TIME(8,30,0), "Early", IF( AND( IF(ISNUMBER(C2), C2, IFERROR(TIMEVALUE(C2), 0)) >= TIME(8,30,0), IF(ISNUMBER(C2), C2, IFERROR(TIMEVALUE(C2), 0)) <= TIME(8,50,0), (IF(ISNUMBER(D2), D2, IFERROR(TIMEVALUE(D2), 0)) - IF(ISNUMBER(C2), C2, IFERROR(TIMEVALUE(C2), 0))) >= TIME(8,0,0) ), "On Time", "Late" ) ) ) ) -> Early | I2: 480
A3: Sheet 14 | B3: 2026-01-02 | C3: 8:07 AM | D3: - | E3: =IF(OR(C3="Absent",D3="Absent",C3="",D3=""),"", (D3-C3)*1440) -> #VALUE! | F3: =IF(OR(C3="",C3="Absent"),"", MAX(0,(C3 - TIME(8,50,0))*1440)) -> 0 | G3: =IF(C3="","", MAX(0,480 - E3)) -> #VALUE! | H3: =IF(OR(TRIM(C3)="Absent", TRIM(C3)="ABSENT"), "Absent", IF(OR(TRIM(C3)="", TRIM(C3)="-", TRIM(D3)="", TRIM(D3)="-"), "Missing", IF( IF(ISNUMBER(C3), C3, IFERROR(TIMEVALUE(C3), 0)) < TIME(8,30,0), "Early", IF( AND( IF(ISNUMBER(C3), C3, IFERROR(TIMEVALUE(C3), 0)) >= TIME(8,30,0), IF(ISNUMBER(C3), C3, IFERROR(TIMEVALUE(C3), 0)) <= TIME(8,50,0), (IF(ISNUMBER(D3), D3, IFERROR(TIMEVALUE(D3), 0)) - IF(ISNUMBER(C3), C3, IFERROR(TIMEVALUE(C3), 0))) >= TIME(8,0,0) ), "On Time", "Late" ) ) ) ) -> Missing | I3: 480
A4: Sheet 14 | B4: 2026-01-05 | C4: Absent | D4: - | E4: =IF(OR(C4="Absent",D4="Absent",C4="",D4=""),"", (D4-C4)*1440) | F4: =IF(OR(C4="",C4="Absent"),"", MAX(0,(C4 - TIME(8,50,0))*1440)) | G4: =IF(C4="","", MAX(0,480 - E4)) -> #VALUE! | H4: =IF(OR(TRIM(C4)="Absent", TRIM(C4)="ABSENT"), "Absent", IF(OR(TRIM(C4)="", TRIM(C4)="-", TRIM(D4)="", TRIM(D4)="-"), "Missing", IF( IF(ISNUMBER(C4), C4, IFERROR(TIMEVALUE(C4), 0)) < TIME(8,30,0), "Early", IF( AND( IF(ISNUMBER(C4), C4, IFERROR(TIMEVALUE(C4), 0)) >= TIME(8,30,0), IF(ISNUMBER(C4), C4, IFERROR(TIMEVALUE(C4), 0)) <= TIME(8,50,0), (IF(ISNUMBER(D4), D4, IFERROR(TIMEVALUE(D4), 0)) - IF(ISNUMBER(C4), C4, IFERROR(TIMEVALUE(C4), 0))) >= TIME(8,0,0) ), "On Time", "Late" ) ) ) ) -> Absent | I4: 480
A5: Sheet 14 | B5: 2026-01-06 | C5: Absent | D5: - | E5: =IF(OR(C5="Absent",D5="Absent",C5="",D5=""),"", (D5-C5)*1440) | F5: =IF(OR(C5="",C5="Absent"),"", MAX(0,(C5 - TIME(8,50,0))*1440)) | G5: =IF(C5="","", MAX(0,480 - E5)) -> #VALUE! | H5: =IF(OR(TRIM(C5)="Absent", TRIM(C5)="ABSENT"), "Absent", IF(OR(TRIM(C5)="", TRIM(C5)="-", TRIM(D5)="", TRIM(D5)="-"), "Missing", IF( IF(ISNUMBER(C5), C5, IFERROR(TIMEVALUE(C5), 0)) < TIME(8,30,0), "Early", IF( AND( IF(ISNUMBER(C5), C5, IFERROR(TIMEVALUE(C5), 0)) >= TIME(8,30,0), IF(ISNUMBER(C5), C5, IFERROR(TIMEVALUE(C5), 0)) <= TIME(8,50,0), (IF(ISNUMBER(D5), D5, IFERROR(TIMEVALUE(D5), 0)) - IF(ISNUMBER(C5), C5, IFERROR(TIMEVALUE(C5), 0))) >= TIME(8,0,0) ), "On Time", "Late" ) ) ) ) -> Absent | I5: 480
A6: Sheet 14 | B6: 2026-01-07 | C6: Absent | D6: - | E6: =IF(OR(C6="Absent",D6="Absent",C6="",D6=""),"", (D6-C6)*1440) | F6: =IF(OR(C6="",C6="Absent"),"", MAX(0,(C6 - TIME(8,50,0))*1440)) | G6: =IF(C6="","", MAX(0,480 - E6)) -> #VALUE! | H6: =IF(OR(TRIM(C6)="Absent", TRIM(C6)="ABSENT"), "Absent", IF(OR(TRIM(C6)="", TRIM(C6)="-", TRIM(D6)="", TRIM(D6)="-"), "Missing", IF( IF(ISNUMBER(C6), C6, IFERROR(TIMEVALUE(C6), 0)) < TIME(8,30,0), "Early", IF( AND( IF(ISNUMBER(C6), C6, IFERROR(TIMEVALUE(C6), 0)) >= TIME(8,30,0), IF(ISNUMBER(C6), C6, IFERROR(TIMEVALUE(C6), 0)) <= TIME(8,50,0), (IF(ISNUMBER(D6), D6, IFERROR(TIMEVALUE(D6), 0)) - IF(ISNUMBER(C6), C6, IFERROR(TIMEVALUE(C6), 0))) >= TIME(8,0,0) ), "On Time", "Late" ) ) ) ) -> Absent | I6: 480
A7: Sheet 14 | B7: 2026-01-08 | C7: Absent | D7: - | E7: =IF(OR(C7="Absent",D7="Absent",C7="",D7=""),"", (D7-C7)*1440) | F7: =IF(OR(C7="",C7="Absent"),"", MAX(0,(C7 - TIME(8,50,0))*1440)) | G7: =IF(C7="","", MAX(0,480 - E7)) -> #VALUE! | H7: =IF(OR(TRIM(C7)="Absent", TRIM(C7)="ABSENT"), "Absent", IF(OR(TRIM(C7)="", TRIM(C7)="-", TRIM(D7)="", TRIM(D7)="-"), "Missing", IF( IF(ISNUMBER(C7), C7, IFERROR(TIMEVALUE(C7), 0)) < TIME(8,30,0), "Early", IF( AND( IF(ISNUMBER(C7), C7, IFERROR(TIMEVALUE(C7), 0)) >= TIME(8,30,0), IF(ISNUMBER(C7), C7, IFERROR(TIMEVALUE(C7), 0)) <= TIME(8,50,0), (IF(ISNUMBER(D7), D7, IFERROR(TIMEVALUE(D7), 0)) - IF(ISNUMBER(C7), C7, IFERROR(TIMEVALUE(C7), 0))) >= TIME(8,0,0) ), "On Time", "Late" ) ) ) ) -> Absent | I7: 480
A8: Sheet 14 | B8: 2026-01-09 | C8: Absent | D8: - | E8: =IF(OR(C8="Absent",D8="Absent",C8="",D8=""),"", (D8-C8)*1440) | F8: =IF(OR(C8="",C8="Absent"),"", MAX(0,(C8 - TIME(8,50,0))*1440)) | G8: =IF(C8="","", MAX(0,480 - E8)) -> #VALUE! | H8: =IF(OR(TRIM(C8)="Absent", TRIM(C8)="ABSENT"), "Absent", IF(OR(TRIM(C8)="", TRIM(C8)="-", TRIM(D8)="", TRIM(D8)="-"), "Missing", IF( IF(ISNUMBER(C8), C8, IFERROR(TIMEVALUE(C8), 0)) < TIME(8,30,0), "Early", IF( AND( IF(ISNUMBER(C8), C8, IFERROR(TIMEVALUE(C8), 0)) >= TIME(8,30,0), IF(ISNUMBER(C8), C8, IFERROR(TIMEVALUE(C8), 0)) <= TIME(8,50,0), (IF(ISNUMBER(D8), D8, IFERROR(TIMEVALUE(D8), 0)) - IF(ISNUMBER(C8), C8, IFERROR(TIMEVALUE(C8), 0))) >= TIME(8,0,0) ), "On Time", "Late" ) ) ) ) -> Absent | I8: 480
A9: Sheet 14 | B9: 2026-01-12 | C9: Absent | D9: - | E9: =IF(OR(C9="Absent",D9="Absent",C9="",D9=""),"", (D9-C9)*1440) | F9: =IF(OR(C9="",C9="Absent"),"", MAX(0,(C9 - TIME(8,50,0))*1440)) | G9: =IF(C9="","", MAX(0,480 - E9)) -> #VALUE! | H9: =IF(OR(TRIM(C9)="Absent", TRIM(C9)="ABSENT"), "Absent", IF(OR(TRIM(C9)="", TRIM(C9)="-", TRIM(D9)="", TRIM(D9)="-"), "Missing", IF( IF(ISNUMBER(C9), C9, IFERROR(TIMEVALUE(C9), 0)) < TIME(8,30,0), "Early", IF( AND( IF(ISNUMBER(C9), C9, IFERROR(TIMEVALUE(C9), 0)) >= TIME(8,30,0), IF(ISNUMBER(C9), C9, IFERROR(TIMEVALUE(C9), 0)) <= TIME(8,50,0), (IF(ISNUMBER(D9), D9, IFERROR(TIMEVALUE(D9), 0)) - IF(ISNUMBER(C9), C9, IFERROR(TIMEVALUE(C9), 0))) >= TIME(8,0,0) ), "On Time", "Late" ) ) ) ) -> Absent | I9: 480
A10: Sheet 14 | B10: 2026-01-13 | C10: Absent | D10: - | E10: =IF(OR(C10="Absent",D10="Absent",C10="",D10=""),"", (D10-C10)*1440) | F10: =IF(OR(C10="",C10="Absent"),"", MAX(0,(C10 - TIME(8,50,0))*1440)) | G10: =IF(C10="","", MAX(0,480 - E10)) -> #VALUE! | H10: =IF(OR(TRIM(C10)="Absent", TRIM(C10)="ABSENT"), "Absent", IF(OR(TRIM(C10)="", TRIM(C10)="-", TRIM(D10)="", TRIM(D10)="-"), "Missing", IF( IF(ISNUMBER(C10), C10, IFERROR(TIMEVALUE(C10), 0)) < TIME(8,30,0), "Early", IF( AND( IF(ISNUMBER(C10), C10, IFERROR(TIMEVALUE(C10), 0)) >= TIME(8,30,0), IF(ISNUMBER(C10), C10, IFERROR(TIMEVALUE(C10), 0)) <= TIME(8,50,0), (IF(ISNUMBER(D10), D10, IFERROR(TIMEVALUE(D10), 0)) - IF(ISNUMBER(C10), C10, IFERROR(TIMEVALUE(C10), 0))) >= TIME(8,0,0) ), "On Time", "Late" ) ) ) ) -> Absent | I10: 480
A11: Sheet 14 | B11: 2026-01-14 | C11: Absent | D11: - | E11: =IF(OR(C11="Absent",D11="Absent",C11="",D11=""),"", (D11-C11)*1440) | F11: =IF(OR(C11="",C11="Absent"),"", MAX(0,(C11 - TIME(8,50,0))*1440)) | G11: =IF(C11="","", MAX(0,480 - E11)) -> #VALUE! | H11: =IF(OR(TRIM(C11)="Absent", TRIM(C11)="ABSENT"), "Absent", IF(OR(TRIM(C11)="", TRIM(C11)="-", TRIM(D11)="", TRIM(D11)="-"), "Missing", IF( IF(ISNUMBER(C11), C11, IFERROR(TIMEVALUE(C11), 0)) < TIME(8,30,0), "Early", IF( AND( IF(ISNUMBER(C11), C11, IFERROR(TIMEVALUE(C11), 0)) >= TIME(8,30,0), IF(ISNUMBER(C11), C11, IFERROR(TIMEVALUE(C11), 0)) <= TIME(8,50,0), (IF(ISNUMBER(D11), D11, IFERROR(TIMEVALUE(D11), 0)) - IF(ISNUMBER(C11), C11, IFERROR(TIMEVALUE(C11), 0))) >= TIME(8,0,0) ), "On Time", "Late" ) ) ) ) -> Absent | I11: 480
A12: Sheet 14 | B12: 2026-01-15 | C12: Absent | D12: - | E12: =IF(OR(C12="Absent",D12="Absent",C12="",D12=""),"", (D12-C12)*1440) | F12: =IF(OR(C12="",C12="Absent"),"", MAX(0,(C12 - TIME(8,50,0))*1440)) | G12: =IF(C12="","", MAX(0,480 - E12)) -> #VALUE! | H12: =IF(OR(TRIM(C12)="Absent", TRIM(C12)="ABSENT"), "Absent", IF(OR(TRIM(C12)="", TRIM(C12)="-", TRIM(D12)="", TRIM(D12)="-"), "Missing", IF( IF(ISNUMBER(C12), C12, IFERROR(TIMEVALUE(C12), 0)) < TIME(8,30,0), "Early", IF( AND( IF(ISNUMBER(C12), C12, IFERROR(TIMEVALUE(C12), 0)) >= TIME(8,30,0), IF(ISNUMBER(C12), C12, IFERROR(TIMEVALUE(C12), 0)) <= TIME(8,50,0), (IF(ISNUMBER(D12), D12, IFERROR(TIMEVALUE(D12), 0)) - IF(ISNUMBER(C12), C12, IFERROR(TIMEVALUE(C12), 0))) >= TIME(8,0,0) ), "On Time", "Late" ) ) ) ) -> Absent | I12: 480
A13: Sheet 14 | B13: 2026-01-16 | C13: Absent | D13: - | E13: =IF(OR(C13="Absent",D13="Absent",C13="",D13=""),"", (D13-C13)*1440) | F13: =IF(OR(C13="",C13="Absent"),"", MAX(0,(C13 - TIME(8,50,0))*1440)) | G13: =IF(C13="","", MAX(0,480 - E13)) -> #VALUE! | H13: =IF(OR(TRIM(C13)="Absent", TRIM(C13)="ABSENT"), "Absent", IF(OR(TRIM(C13)="", TRIM(C13)="-", TRIM(D13)="", TRIM(D13)="-"), "Missing", IF( IF(ISNUMBER(C13), C13, IFERROR(TIMEVALUE(C13), 0)) < TIME(8,30,0), "Early", IF( AND( IF(ISNUMBER(C13), C13, IFERROR(TIMEVALUE(C13), 0)) >= TIME(8,30,0), IF(ISNUMBER(C13), C13, IFERROR(TIMEVALUE(C13), 0)) <= TIME(8,50,0), (IF(ISNUMBER(D13), D13, IFERROR(TIMEVALUE(D13), 0)) - IF(ISNUMBER(C13), C13, IFERROR(TIMEVALUE(C13), 0))) >= TIME(8,0,0) ), "On Time", "Late" ) ) ) ) -> Absent | I13: 480
... A23: Sheet 14 | B23: 2026-01-30 | C23: 8:27 AM | D23: 6:29 PM | E23: =IF(OR(C23="Absent",D23="Absent",C23="",D23=""),"", (D23-C23)*1440) -> 602 | F23: =IF(OR(C23="",C23="Absent"),"", MAX(0,(C23 - TIME(8,50,0))*1440)) -> 0 | G23: =IF(C23="","", MAX(0,480 - E23)) -> 0 | H23: =IF(OR(TRIM(C23)="Absent", TRIM(C23)="ABSENT"), "Absent", IF(OR(TRIM(C23)="", TRIM(C23)="-", TRIM(D23)="", TRIM(D23)="-"), "Missing", IF( IF(ISNUMBER(C23), C23, IFERROR(TIMEVALUE(C23), 0)) < TIME(8,30,0), "Early", IF( AND( IF(ISNUMBER(C23), C23, IFERROR(TIMEVALUE(C23), 0)) >= TIME(8,30,0), IF(ISNUMBER(C23), C23, IFERROR(TIMEVALUE(C23), 0)) <= TIME(8,50,0), (IF(ISNUMBER(D23), D23, IFERROR(TIMEVALUE(D23), 0)) - IF(ISNUMBER(C23), C23, IFERROR(TIMEVALUE(C23), 0))) >= TIME(8,0,0) ), "On Time", "Late" ) ) ) ) -> Early | I23: 480

Sheet Sheet 13
A1: Name | B1: Date | C1: Time In | D1: Time Out | E1: Worked Minutes | F1: Late Minutes | G1: Less Than 8 Hours | H1: Status | I1: Target time | J1: Comments
A2: Sheet 13 | B2: 2026-01-01 | C2: 8:16 AM | D2: 5:44 PM | E2: =IF(OR(C2="Absent",D2="Absent",C2="",D2=""),"", (D2-C2)*1440) -> 568 | F2: =IF(OR(C2="",C2="Absent"),"", MAX(0,(C2 - TIME(8,50,0))*1440)) -> 0 | G2: =IF(C2="","", MAX(0,480 - E2)) -> 0 | H2: =IF(OR(TRIM(C2)="Absent", TRIM(C2)="ABSENT"), "Absent", IF(OR(TRIM(C2)="", TRIM(C2)="-", TRIM(D2)="", TRIM(D2)="-"), "Missing", IF( IF(ISNUMBER(C2), C2, IFERROR(TIMEVALUE(C2), 0)) < TIME(8,30,0), "Early", IF( AND( IF(ISNUMBER(C2), C2, IFERROR(TIMEVALUE(C2), 0)) >= TIME(8,30,0), IF(ISNUMBER(C2), C2, IFERROR(TIMEVALUE(C2), 0)) <= TIME(8,50,0), (IF(ISNUMBER(D2), D2, IFERROR(TIMEVALUE(D2), 0)) - IF(ISNUMBER(C2), C2, IFERROR(TIMEVALUE(C2), 0))) >= TIME(8,0,0) ), "On Time", "Late" ) ) ) ) -> Early | I2: 480
A3: Sheet 13 | B3: 2026-01-02 | C3: 8:12 AM | D3: - | E3: =IF(OR(C3="Absent",D3="Absent",C3="",D3=""),"", (D3-C3)*1440) -> #VALUE! | F3: =IF(OR(C3="",C3="Absent"),"", MAX(0,(C3 - TIME(8,50,0))*1440)) -> 0 | G3: =IF(C3="","", MAX(0,480 - E3)) -> #VALUE! | H3: =IF(OR(TRIM(C3)="Absent", TRIM(C3)="ABSENT"), "Absent", IF(OR(TRIM(C3)="", TRIM(C3)="-", TRIM(D3)="", TRIM(D3)="-"), "Missing", IF( IF(ISNUMBER(C3), C3, IFERROR(TIMEVALUE(C3), 0)) < TIME(8,30,0), "Early", IF( AND( IF(ISNUMBER(C3), C3, IFERROR(TIMEVALUE(C3), 0)) >= TIME(8,30,0), IF(ISNUMBER(C3), C3, IFERROR(TIMEVALUE(C3), 0)) <= TIME(8,50,0), (IF(ISNUMBER(D3), D3, IFERROR(TIMEVALUE(D3), 0)) - IF(ISNUMBER(C3), C3, IFERROR(TIMEVALUE(C3), 0))) >= TIME(8,0,0) ), "On Time", "Late" ) ) ) ) -> Missing | I3: 480
A4: Sheet 13 | B4: 2026-01-05 | C4: 8:14 AM | D4: 6:54 PM | E4: =IF(OR(C4="Absent",D4="Absent",C4="",D4=""),"", (D4-C4)*1440) -> 640 | F4: =IF(OR(C4="",C4="Absent"),"", MAX(0,(C4 - TIME(8,50,0))*1440)) -> 0 | G4: =IF(C4="","", MAX(0,480 - E4)) -> 0 | H4: =IF(OR(TRIM(C4)="Absent", TRIM(C4)="ABSENT"), "Absent", IF(OR(TRIM(C4)="", TRIM(C4)="-", TRIM(D4)="", TRIM(D4)="-"), "Missing", IF( IF(ISNUMBER(C4), C4, IFERROR(TIMEVALUE(C4), 0)) < TIME(8,30,0), "Early", IF( AND( IF(ISNUMBER(C4), C4, IFERROR(TIMEVALUE(C4), 0)) >= TIME(8,30,0), IF(ISNUMBER(C4), C4, IFERROR(TIMEVALUE(C4), 0)) <= TIME(8,50,0), (IF(ISNUMBER(D4), D4, IFERROR(TIMEVALUE(D4), 0)) - IF(ISNUMBER(C4), C4, IFERROR(TIMEVALUE(C4), 0))) >= TIME(8,0,0) ), "On Time", "Late" ) ) ) ) -> Early | I4: 480
A5: Sheet 13 | B5: 2026-01-06 | C5: 8:12 AM | D5: 6:00 PM | E5: =IF(OR(C5="Absent",D5="Absent",C5="",D5=""),"", (D5-C5)*1440) -> 588 | F5: =IF(OR(C5="",C5="Absent"),"", MAX(0,(C5 - TIME(8,50,0))*1440)) -> 0 | G5: =IF(C5="","", MAX(0,480 - E5)) -> 0 | H5: =IF(OR(TRIM(C5)="Absent", TRIM(C5)="ABSENT"), "Absent", IF(OR(TRIM(C5)="", TRIM(C5)="-", TRIM(D5)="", TRIM(D5)="-"), "Missing", IF( IF(ISNUMBER(C5), C5, IFERROR(TIMEVALUE(C5), 0)) < TIME(8,30,0), "Early", IF( AND( IF(ISNUMBER(C5), C5, IFERROR(TIMEVALUE(C5), 0)) >= TIME(8,30,0), IF(ISNUMBER(C5), C5, IFERROR(TIMEVALUE(C5), 0)) <= TIME(8,50,0), (IF(ISNUMBER(D5), D5, IFERROR(TIMEVALUE(D5), 0)) - IF(ISNUMBER(C5), C5, IFERROR(TIMEVALUE(C5), 0))) >= TIME(8,0,0) ), "On Time", "Late" ) ) ) ) -> Early | I5: 480
A6: Sheet 13 | B6: 2026-01-07 | C6: 8:20 AM | D6: 6:34 PM | E6: =IF(OR(C6="Absent",D6="Absent",C6="",D6=""),"", (D6-C6)*1440) -> 614 | F6: =IF(OR(C6="",C6="Absent"),"", MAX(0,(C6 - TIME(8,50,0))*1440)) -> 0 | G6: =IF(C6="","", MAX(0,480 - E6)) -> 0 | H6: =IF(OR(TRIM(C6)="Absent", TRIM(C6)="ABSENT"), "Absent", IF(OR(TRIM(C6)="", TRIM(C6)="-", TRIM(D6)="", TRIM(D6)="-"), "Missing", IF( IF(ISNUMBER(C6), C6, IFERROR(TIMEVALUE(C6), 0)) < TIME(8,30,0), "Early", IF( AND( IF(ISNUMBER(C6), C6, IFERROR(TIMEVALUE(C6), 0)) >= TIME(8,30,0), IF(ISNUMBER(C6), C6, IFERROR(TIMEVALUE(C6), 0)) <= TIME(8,50,0), (IF(ISNUMBER(D6), D6, IFERROR(TIMEVALUE(D6), 0)) - IF(ISNUMBER(C6), C6, IFERROR(TIMEVALUE(C6), 0))) >= TIME(8,0,0) ), "On Time", "Late" ) ) ) ) -> Early | I6: 480
A7: Sheet 13 | B7: 2026-01-08 | C7: 8:19 AM | D7: 6:41 PM | E7: =IF(OR(C7="Absent",D7="Absent",C7="",D7=""),"", (D7-C7)*1440) -> 622 | F7: =IF(OR(C7="",C7="Absent"),"", MAX(0,(C7 - TIME(8,50,0))*1440)) -> 0 | G7: =IF(C7="","", MAX(0,480 - E7)) -> 0 | H7: =IF(OR(TRIM(C7)="Absent", TRIM(C7)="ABSENT"), "Absent", IF(OR(TRIM(C7)="", TRIM(C7)="-", TRIM(D7)="", TRIM(D7)="-"), "Missing", IF( IF(ISNUMBER(C7), C7, IFERROR(TIMEVALUE(C7), 0)) < TIME(8,30,0), "Early", IF( AND( IF(ISNUMBER(C7), C7, IFERROR(TIMEVALUE(C7), 0)) >= TIME(8,30,0), IF(ISNUMBER(C7), C7, IFERROR(TIMEVALUE(C7), 0)) <= TIME(8,50,0), (IF(ISNUMBER(D7), D7, IFERROR(TIMEVALUE(D7), 0)) - IF(ISNUMBER(C7), C7, IFERROR(TIMEVALUE(C7), 0))) >= TIME(8,0,0) ), "On Time", "Late" ) ) ) ) -> Early | I7: 480
A8: Sheet 13 | B8: 2026-01-09 | C8: 8:28 AM | D8: - | E8: =IF(OR(C8="Absent",D8="Absent",C8="",D8=""),"", (D8-C8)*1440) -> #VALUE! | F8: =IF(OR(C8="",C8="Absent"),"", MAX(0,(C8 - TIME(8,50,0))*1440)) -> 0 | G8: =IF(C8="","", MAX(0,480 - E8)) -> #VALUE! | H8: =IF(OR(TRIM(C8)="Absent", TRIM(C8)="ABSENT"), "Absent", IF(OR(TRIM(C8)="", TRIM(C8)="-", TRIM(D8)="", TRIM(D8)="-"), "Missing", IF( IF(ISNUMBER(C8), C8, IFERROR(TIMEVALUE(C8), 0)) < TIME(8,30,0), "Early", IF( AND( IF(ISNUMBER(C8), C8, IFERROR(TIMEVALUE(C8), 0)) >= TIME(8,30,0), IF(ISNUMBER(C8), C8, IFERROR(TIMEVALUE(C8), 0)) <= TIME(8,50,0), (IF(ISNUMBER(D8), D8, IFERROR(TIMEVALUE(D8), 0)) - IF(ISNUMBER(C8), C8, IFERROR(TIMEVALUE(C8), 0))) >= TIME(8,0,0) ), "On Time", "Late" ) ) ) ) -> Missing | I8: 480
A9: Sheet 13 | B9: 2026-01-12 | C9: 8:30 AM | D9: 5:41 PM | E9: =IF(OR(C9="Absent",D9="Absent",C9="",D9=""),"", (D9-C9)*1440) -> 551 | F9: =IF(OR(C9="",C9="Absent"),"", MAX(0,(C9 - TIME(8,50,0))*1440)) -> 0 | G9: =IF(C9="","", MAX(0,480 - E9)) -> 0 | H9: =IF(OR(TRIM(C9)="Absent", TRIM(C9)="ABSENT"), "Absent", IF(OR(TRIM(C9)="", TRIM(C9)="-", TRIM(D9)="", TRIM(D9)="-"), "Missing", IF( IF(ISNUMBER(C9), C9, IFERROR(TIMEVALUE(C9), 0)) < TIME(8,30,0), "Early", IF( AND( IF(ISNUMBER(C9), C9, IFERROR(TIMEVALUE(C9), 0)) >= TIME(8,30,0), IF(ISNUMBER(C9), C9, IFERROR(TIMEVALUE(C9), 0)) <= TIME(8,50,0), (IF(ISNUMBER(D9), D9, IFERROR(TIMEVALUE(D9), 0)) - IF(ISNUMBER(C9), C9, IFERROR(TIMEVALUE(C9), 0))) >= TIME(8,0,0) ), "On Time", "Late" ) ) ) ) -> On Time | I9: 480
A10: Sheet 13 | B10: 2026-01-13 | C10: 8:24 AM | D10: 5:40 PM | E10: =IF(OR(C10="Absent",D10="Absent",C10="",D10=""),"", (D10-C10)*1440) -> 556 | F10: =IF(OR(C10="",C10="Absent"),"", MAX(0,(C10 - TIME(8,50,0))*1440)) -> 0 | G10: =IF(C10="","", MAX(0,480 - E10)) -> 0 | H10: =IF(OR(TRIM(C10)="Absent", TRIM(C10)="ABSENT"), "Absent", IF(OR(TRIM(C10)="", TRIM(C10)="-", TRIM(D10)="", TRIM(D10)="-"), "Missing", IF( IF(ISNUMBER(C10), C10, IFERROR(TIMEVALUE(C10), 0)) < TIME(8,30,0), "Early", IF( AND( IF(ISNUMBER(C10), C10, IFERROR(TIMEVALUE(C10), 0)) >= TIME(8,30,0), IF(ISNUMBER(C10), C10, IFERROR(TIMEVALUE(C10), 0)) <= TIME(8,50,0), (IF(ISNUMBER(D10), D10, IFERROR(TIMEVALUE(D10), 0)) - IF(ISNUMBER(C10), C10, IFERROR(TIMEVALUE(C10), 0))) >= TIME(8,0,0) ), "On Time", "Late" ) ) ) ) -> Early | I10: 480
A11: Sheet 13 | B11: 2026-01-14 | C11: 8:26 AM | D11: 4:56 PM | E11: =IF(OR(C11="Absent",D11="Absent",C11="",D11=""),"", (D11-C11)*1440) -> 510 | F11: =IF(OR(C11="",C11="Absent"),"", MAX(0,(C11 - TIME(8,50,0))*1440)) -> 0 | G11: =IF(C11="","", MAX(0,480 - E11)) -> 0 | H11: =IF(OR(TRIM(C11)="Absent", TRIM(C11)="ABSENT"), "Absent", IF(OR(TRIM(C11)="", TRIM(C11)="-", TRIM(D11)="", TRIM(D11)="-"), "Missing", IF( IF(ISNUMBER(C11), C11, IFERROR(TIMEVALUE(C11), 0)) < TIME(8,30,0), "Early", IF( AND( IF(ISNUMBER(C11), C11, IFERROR(TIMEVALUE(C11), 0)) >= TIME(8,30,0), IF(ISNUMBER(C11), C11, IFERROR(TIMEVALUE(C11), 0)) <= TIME(8,50,0), (IF(ISNUMBER(D11), D11, IFERROR(TIMEVALUE(D11), 0)) - IF(ISNUMBER(C11), C11, IFERROR(TIMEVALUE(C11), 0))) >= TIME(8,0,0) ), "On Time", "Late" ) ) ) ) -> Early | I11: 480
A12: Sheet 13 | B12: 2026-01-15 | C12: 8:29 AM | D12: 5:56 PM | E12: =IF(OR(C12="Absent",D12="Absent",C12="",D12=""),"", (D12-C12)*1440) -> 567 | F12: =IF(OR(C12="",C12="Absent"),"", MAX(0,(C12 - TIME(8,50,0))*1440)) -> 0 | G12: =IF(C12="","", MAX(0,480 - E12)) -> 0 | H12: =IF(OR(TRIM(C12)="Absent", TRIM(C12)="ABSENT"), "Absent", IF(OR(TRIM(C12)="", TRIM(C12)="-", TRIM(D12)="", TRIM(D12)="-"), "Missing", IF( IF(ISNUMBER(C12), C12, IFERROR(TIMEVALUE(C12), 0)) < TIME(8,30,0), "Early", IF( AND( IF(ISNUMBER(C12), C12, IFERROR(TIMEVALUE(C12), 0)) >= TIME(8,30,0), IF(ISNUMBER(C12), C12, IFERROR(TIMEVALUE(C12), 0)) <= TIME(8,50,0), (IF(ISNUMBER(D12), D12, IFERROR(TIMEVALUE(D12), 0)) - IF(ISNUMBER(C12), C12, IFERROR(TIMEVALUE(C12), 0))) >= TIME(8,0,0) ), "On Time", "Late" ) ) ) ) -> Early | I12: 480
A13: Sheet 13 | B13: 2026-01-16 | C13: 8:25 AM | D13: - | E13: =IF(OR(C13="Absent",D13="Absent",C13="",D13=""),"", (D13-C13)*1440) -> #VALUE! | F13: =IF(OR(C13="",C13="Absent"),"", MAX(0,(C13 - TIME(8,50,0))*1440)) -> 0 | G13: =IF(C13="","", MAX(0,480 - E13)) -> #VALUE! | H13: =IF(OR(TRIM(C13)="Absent", TRIM(C13)="ABSENT"), "Absent", IF(OR(TRIM(C13)="", TRIM(C13)="-", TRIM(D13)="", TRIM(D13)="-"), "Missing", IF( IF(ISNUMBER(C13), C13, IFERROR(TIMEVALUE(C13), 0)) < TIME(8,30,0), "Early", IF( AND( IF(ISNUMBER(C13), C13, IFERROR(TIMEVALUE(C13), 0)) >= TIME(8,30,0), IF(ISNUMBER(C13), C13, IFERROR(TIMEVALUE(C13), 0)) <= TIME(8,50,0), (IF(ISNUMBER(D13), D13, IFERROR(TIMEVALUE(D13), 0)) - IF(ISNUMBER(C13), C13, IFERROR(TIMEVALUE(C13), 0))) >= TIME(8,0,0) ), "On Time", "Late" ) ) ) ) -> Missing | I13: 480
... A23: Sheet 13 | B23: 2026-01-30 | C23: 8:23 AM | D23: 5:13 PM | E23: =IF(OR(C23="Absent",D23="Absent",C23="",D23=""),"", (D23-C23)*1440) -> 530 | F23: =IF(OR(C23="",C23="Absent"),"", MAX(0,(C23 - TIME(8,50,0))*1440)) -> 0 | G23: =IF(C23="","", MAX(0,480 - E23)) -> 0 | H23: =IF(OR(TRIM(C23)="Absent", TRIM(C23)="ABSENT"), "Absent", IF(OR(TRIM(C23)="", TRIM(C23)="-", TRIM(D23)="", TRIM(D23)="-"), "Missing", IF( IF(ISNUMBER(C23), C23, IFERROR(TIMEVALUE(C23), 0)) < TIME(8,30,0), "Early", IF( AND( IF(ISNUMBER(C23), C23, IFERROR(TIMEVALUE(C23), 0)) >= TIME(8,30,0), IF(ISNUMBER(C23), C23, IFERROR(TIMEVALUE(C23), 0)) <= TIME(8,50,0), (IF(ISNUMBER(D23), D23, IFERROR(TIMEVALUE(D23), 0)) - IF(ISNUMBER(C23), C23, IFERROR(TIMEVALUE(C23), 0))) >= TIME(8,0,0) ), "On Time", "Late" ) ) ) ) -> Early | I23: 480

Sheet Sheet 12
A1: Name | B1: Date | C1: Time In | D1: Time Out | E1: Worked Minutes | F1: Late Minutes | G1: Less Than 8 Hours | H1: Status | I1: Target time | J1: Comments
A2: Sheet 12 | B2: 2026-01-01 | C2: 8:48 AM | D2: 4:53 PM | E2: =IF(OR(C2="Absent",D2="Absent",C2="",D2=""),"", (D2-C2)*1440) -> 485 | F2: =IF(OR(C2="",C2="Absent"),"", MAX(0,(C2 - TIME(8,50,0))*1440)) -> 0 | G2: =IF(C2="","", MAX(0,480 - E2)) -> 0 | H2: =IF(OR(TRIM(C2)="Absent", TRIM(C2)="ABSENT"), "Absent", IF(OR(TRIM(C2)="", TRIM(C2)="-", TRIM(D2)="", TRIM(D2)="-"), "Missing", IF( IF(ISNUMBER(C2), C2, IFERROR(TIMEVALUE(C2), 0)) < TIME(8,30,0), "Early", IF( AND( IF(ISNUMBER(C2), C2, IFERROR(TIMEVALUE(C2), 0)) >= TIME(8,30,0), IF(ISNUMBER(C2), C2, IFERROR(TIMEVALUE(C2), 0)) <= TIME(8,50,0), (IF(ISNUMBER(D2), D2, IFERROR(TIMEVALUE(D2), 0)) - IF(ISNUMBER(C2), C2, IFERROR(TIMEVALUE(C2), 0))) >= TIME(8,0,0) ), "On Time", "Late" ) ) ) ) -> On Time | I2: 480
A3: Sheet 12 | B3: 2026-01-02 | C3: 8:30 AM | D3: 4:12 PM | E3: =IF(OR(C3="Absent",D3="Absent",C3="",D3=""),"", (D3-C3)*1440) -> 462 | F3: =IF(OR(C3="",C3="Absent"),"", MAX(0,(C3 - TIME(8,50,0))*1440)) -> 0 | G3: =IF(C3="","", MAX(0,480 - E3)) -> 18 | H3: =IF(OR(TRIM(C3)="Absent", TRIM(C3)="ABSENT"), "Absent", IF(OR(TRIM(C3)="", TRIM(C3)="-", TRIM(D3)="", TRIM(D3)="-"), "Missing", IF( IF(ISNUMBER(C3), C3, IFERROR(TIMEVALUE(C3), 0)) < TIME(8,30,0), "Early", IF( AND( IF(ISNUMBER(C3), C3, IFERROR(TIMEVALUE(C3), 0)) >= TIME(8,30,0), IF(ISNUMBER(C3), C3, IFERROR(TIMEVALUE(C3), 0)) <= TIME(8,50,0), (IF(ISNUMBER(D3), D3, IFERROR(TIMEVALUE(D3), 0)) - IF(ISNUMBER(C3), C3, IFERROR(TIMEVALUE(C3), 0))) >= TIME(8,0,0) ), "On Time", "Late" ) ) ) ) -> Late | I3: 480
A4: Sheet 12 | B4: 2026-01-05 | C4: 8:39 AM | D4: 5:11 PM | E4: =IF(OR(C4="Absent",D4="Absent",C4="",D4=""),"", (D4-C4)*1440) -> 512 | F4: =IF(OR(C4="",C4="Absent"),"", MAX(0,(C4 - TIME(8,50,0))*1440)) -> 0 | G4: =IF(C4="","", MAX(0,480 - E4)) -> 0 | H4: =IF(OR(TRIM(C4)="Absent", TRIM(C4)="ABSENT"), "Absent", IF(OR(TRIM(C4)="", TRIM(C4)="-", TRIM(D4)="", TRIM(D4)="-"), "Missing", IF( IF(ISNUMBER(C4), C4, IFERROR(TIMEVALUE(C4), 0)) < TIME(8,30,0), "Early", IF( AND( IF(ISNUMBER(C4), C4, IFERROR(TIMEVALUE(C4), 0)) >= TIME(8,30,0), IF(ISNUMBER(C4), C4, IFERROR(TIMEVALUE(C4), 0)) <= TIME(8,50,0), (IF(ISNUMBER(D4), D4, IFERROR(TIMEVALUE(D4), 0)) - IF(ISNUMBER(C4), C4, IFERROR(TIMEVALUE(C4), 0))) >= TIME(8,0,0) ), "On Time", "Late" ) ) ) ) -> On Time | I4: 480
A5: Sheet 12 | B5: 2026-01-06 | C5: 8:37 AM | D5: 5:23 PM | E5: =IF(OR(C5="Absent",D5="Absent",C5="",D5=""),"", (D5-C5)*1440) -> 526 | F5: =IF(OR(C5="",C5="Absent"),"", MAX(0,(C5 - TIME(8,50,0))*1440)) -> 0 | G5: =IF(C5="","", MAX(0,480 - E5)) -> 0 | H5: =IF(OR(TRIM(C5)="Absent", TRIM(C5)="ABSENT"), "Absent", IF(OR(TRIM(C5)="", TRIM(C5)="-", TRIM(D5)="", TRIM(D5)="-"), "Missing", IF( IF(ISNUMBER(C5), C5, IFERROR(TIMEVALUE(C5), 0)) < TIME(8,30,0), "Early", IF( AND( IF(ISNUMBER(C5), C5, IFERROR(TIMEVALUE(C5), 0)) >= TIME(8,30,0), IF(ISNUMBER(C5), C5, IFERROR(TIMEVALUE(C5), 0)) <= TIME(8,50,0), (IF(ISNUMBER(D5), D5, IFERROR(TIMEVALUE(D5), 0)) - IF(ISNUMBER(C5), C5, IFERROR(TIMEVALUE(C5), 0))) >= TIME(8,0,0) ), "On Time", "Late" ) ) ) ) -> On Time | I5: 480
A6: Sheet 12 | B6: 2026-01-07 | C6: 8:43 AM | D6: 5:23 PM | E6: =IF(OR(C6="Absent",D6="Absent",C6="",D6=""),"", (D6-C6)*1440) -> 520 | F6: =IF(OR(C6="",C6="Absent"),"", MAX(0,(C6 - TIME(8,50,0))*1440)) -> 0 | G6: =IF(C6="","", MAX(0,480 - E6)) -> 0 | H6: =IF(OR(TRIM(C6)="Absent", TRIM(C6)="ABSENT"), "Absent", IF(OR(TRIM(C6)="", TRIM(C6)="-", TRIM(D6)="", TRIM(D6)="-"), "Missing", IF( IF(ISNUMBER(C6), C6, IFERROR(TIMEVALUE(C6), 0)) < TIME(8,30,0), "Early", IF( AND( IF(ISNUMBER(C6), C6, IFERROR(TIMEVALUE(C6), 0)) >= TIME(8,30,0), IF(ISNUMBER(C6), C6, IFERROR(TIMEVALUE(C6), 0)) <= TIME(8,50,0), (IF(ISNUMBER(D6), D6, IFERROR(TIMEVALUE(D6), 0)) - IF(ISNUMBER(C6), C6, IFERROR(TIMEVALUE(C6), 0))) >= TIME(8,0,0) ), "On Time", "Late" ) ) ) ) -> On Time | I6: 480
A7: Sheet 12 | B7: 2026-01-08 | C7: 8:42 AM | D7: 5:04 PM | E7: =IF(OR(C7="Absent",D7="Absent",C7="",D7=""),"", (D7-C7)*1440) -> 502 | F7: =IF(OR(C7="",C7="Absent"),"", MAX(0,(C7 - TIME(8,50,0))*1440)) -> 0 | G7: =IF(C7="","", MAX(0,480 - E7)) -> 0 | H7: =IF(OR(TRIM(C7)="Absent", TRIM(C7)="ABSENT"), "Absent", IF(OR(TRIM(C7)="", TRIM(C7)="-", TRIM(D7)="", TRIM(D7)="-"), "Missing", IF( IF(ISNUMBER(C7), C7, IFERROR(TIMEVALUE(C7), 0)) < TIME(8,30,0), "Early", IF( AND( IF(ISNUMBER(C7), C7, IFERROR(TIMEVALUE(C7), 0)) >= TIME(8,30,0), IF(ISNUMBER(C7), C7, IFERROR(TIMEVALUE(C7), 0)) <= TIME(8,50,0), (IF(ISNUMBER(D7), D7, IFERROR(TIMEVALUE(D7), 0)) - IF(ISNUMBER(C7), C7, IFERROR(TIMEVALUE(C7), 0))) >= TIME(8,0,0) ), "On Time", "Late" ) ) ) ) -> On Time | I7: 480
A8: Sheet 12 | B8: 2026-01-09 | C8: 8:14 AM | D8: 3:31 PM | E8: =IF(OR(C8="Absent",D8="Absent",C8="",D8=""),"", (D8-C8)*1440) -> 437 | F8: =IF(OR(C8="",C8="Absent"),"", MAX(0,(C8 - TIME(8,50,0))*1440)) -> 0 | G8: =IF(C8="","", MAX(0,480 - E8)) -> 43 | H8: =IF(OR(TRIM(C8)="Absent", TRIM(C8)="ABSENT"), "Absent", IF(OR(TRIM(C8)="", TRIM(C8)="-", TRIM(D8)="", TRIM(D8)="-"), "Missing", IF( IF(ISNUMBER(C8), C8, IFERROR(TIMEVALUE(C8), 0)) < TIME(8,30,0), "Early", IF( AND( IF(ISNUMBER(C8), C8, IFERROR(TIMEVALUE(C8), 0)) >= TIME(8,30,0), IF(ISNUMBER(C8), C8, IFERROR(TIMEVALUE(C8), 0)) <= TIME(8,50,0), (IF(ISNUMBER(D8), D8, IFERROR(TIMEVALUE(D8), 0)) - IF(ISNUMBER(C8), C8, IFERROR(TIMEVALUE(C8), 0))) >= TIME(8,0,0) ), "On Time", "Late" ) ) ) ) -> Early | I8: 480
A9: Sheet 12 | B9: 2026-01-12 | C9: 8:38 AM | D9: 5:07 PM | E9: =IF(OR(C9="Absent",D9="Absent",C9="",D9=""),"", (D9-C9)*1440) -> 509 | F9: =IF(OR(C9="",C9="Absent"),"", MAX(0,(C9 - TIME(8,50,0))*1440)) -> 0 | G9: =IF(C9="","", MAX(0,480 - E9)) -> 0 | H9: =IF(OR(TRIM(C9)="Absent", TRIM(C9)="ABSENT"), "Absent", IF(OR(TRIM(C9)="", TRIM(C9)="-", TRIM(D9)="", TRIM(D9)="-"), "Missing", IF( IF(ISNUMBER(C9), C9, IFERROR(TIMEVALUE(C9), 0)) < TIME(8,30,0), "Early", IF( AND( IF(ISNUMBER(C9), C9, IFERROR(TIMEVALUE(C9), 0)) >= TIME(8,30,0), IF(ISNUMBER(C9), C9, IFERROR(TIMEVALUE(C9), 0)) <= TIME(8,50,0), (IF(ISNUMBER(D9), D9, IFERROR(TIMEVALUE(D9), 0)) - IF(ISNUMBER(C9), C9, IFERROR(TIMEVALUE(C9), 0))) >= TIME(8,0,0) ), "On Time", "Late" ) ) ) ) -> On Time | I9: 480
A10: Sheet 12 | B10: 2026-01-13 | C10: 8:39 AM | D10: 4:46 PM | E10: =IF(OR(C10="Absent",D10="Absent",C10="",D10=""),"", (D10-C10)*1440) -> 487 | F10: =IF(OR(C10="",C10="Absent"),"", MAX(0,(C10 - TIME(8,50,0))*1440)) -> 0 | G10: =IF(C10="","", MAX(0,480 - E10)) -> 0 | H10: =IF(OR(TRIM(C10)="Absent", TRIM(C10)="ABSENT"), "Absent", IF(OR(TRIM(C10)="", TRIM(C10)="-", TRIM(D10)="", TRIM(D10)="-"), "Missing", IF( IF(ISNUMBER(C10), C10, IFERROR(TIMEVALUE(C10), 0)) < TIME(8,30,0), "Early", IF( AND( IF(ISNUMBER(C10), C10, IFERROR(TIMEVALUE(C10), 0)) >= TIME(8,30,0), IF(ISNUMBER(C10), C10, IFERROR(TIMEVALUE(C10), 0)) <= TIME(8,50,0), (IF(ISNUMBER(D10), D10, IFERROR(TIMEVALUE(D10), 0)) - IF(ISNUMBER(C10), C10, IFERROR(TIMEVALUE(C10), 0))) >= TIME(8,0,0) ), "On Time", "Late" ) ) ) ) -> On Time | I10: 480
A11: Sheet 12 | B11: 2026-01-14 | C11: 8:31 AM | D11: 4:44 PM | E11: =IF(OR(C11="Absent",D11="Absent",C11="",D11=""),"", (D11-C11)*1440) -> 493 | F11: =IF(OR(C11="",C11="Absent"),"", MAX(0,(C11 - TIME(8,50,0))*1440)) -> 0 | G11: =IF(C11="","", MAX(0,480 - E11)) -> 0 | H11: =IF(OR(TRIM(C11)="Absent", TRIM(C11)="ABSENT"), "Absent", IF(OR(TRIM(C11)="", TRIM(C11)="-", TRIM(D11)="", TRIM(D11)="-"), "Missing", IF( IF(ISNUMBER(C11), C11, IFERROR(TIMEVALUE(C11), 0)) < TIME(8,30,0), "Early", IF( AND( IF(ISNUMBER(C11), C11, IFERROR(TIMEVALUE(C11), 0)) >= TIME(8,30,0), IF(ISNUMBER(C11), C11, IFERROR(TIMEVALUE(C11), 0)) <= TIME(8,50,0), (IF(ISNUMBER(D11), D11, IFERROR(TIMEVALUE(D11), 0)) - IF(ISNUMBER(C11), C11, IFERROR(TIMEVALUE(C11), 0))) >= TIME(8,0,0) ), "On Time", "Late" ) ) ) ) -> On Time | I11: 480
A12: Sheet 12 | B12: 2026-01-15 | C12: 8:42 AM | D12: 4:52 PM | E12: =IF(OR(C12="Absent",D12="Absent",C12="",D12=""),"", (D12-C12)*1440) -> 490 | F12: =IF(OR(C12="",C12="Absent"),"", MAX(0,(C12 - TIME(8,50,0))*1440)) -> 0 | G12: =IF(C12="","", MAX(0,480 - E12)) -> 0 | H12: =IF(OR(TRIM(C12)="Absent", TRIM(C12)="ABSENT"), "Absent", IF(OR(TRIM(C12)="", TRIM(C12)="-", TRIM(D12)="", TRIM(D12)="-"), "Missing", IF( IF(ISNUMBER(C12), C12, IFERROR(TIMEVALUE(C12), 0)) < TIME(8,30,0), "Early", IF( AND( IF(ISNUMBER(C12), C12, IFERROR(TIMEVALUE(C12), 0)) >= TIME(8,30,0), IF(ISNUMBER(C12), C12, IFERROR(TIMEVALUE(C12), 0)) <= TIME(8,50,0), (IF(ISNUMBER(D12), D12, IFERROR(TIMEVALUE(D12), 0)) - IF(ISNUMBER(C12), C12, IFERROR(TIMEVALUE(C12), 0))) >= TIME(8,0,0) ), "On Time", "Late" ) ) ) ) -> On Time | I12: 480
A13: Sheet 12 | B13: 2026-01-16 | C13: 8:31 AM | D13: 6:00 PM | E13: =IF(OR(C13="Absent",D13="Absent",C13="",D13=""),"", (D13-C13)*1440) -> 569 | F13: =IF(OR(C13="",C13="Absent"),"", MAX(0,(C13 - TIME(8,50,0))*1440)) -> 0 | G13: =IF(C13="","", MAX(0,480 - E13)) -> 0 | H13: =IF(OR(TRIM(C13)="Absent", TRIM(C13)="ABSENT"), "Absent", IF(OR(TRIM(C13)="", TRIM(C13)="-", TRIM(D13)="", TRIM(D13)="-"), "Missing", IF( IF(ISNUMBER(C13), C13, IFERROR(TIMEVALUE(C13), 0)) < TIME(8,30,0), "Early", IF( AND( IF(ISNUMBER(C13), C13, IFERROR(TIMEVALUE(C13), 0)) >= TIME(8,30,0), IF(ISNUMBER(C13), C13, IFERROR(TIMEVALUE(C13), 0)) <= TIME(8,50,0), (IF(ISNUMBER(D13), D13, IFERROR(TIMEVALUE(D13), 0)) - IF(ISNUMBER(C13), C13, IFERROR(TIMEVALUE(C13), 0))) >= TIME(8,0,0) ), "On Time", "Late" ) ) ) ) -> On Time | I13: 480
... A23: Sheet 12 | B23: 2026-01-30 | C23: 8:37 AM | D23: 6:26 PM | E23: =IF(OR(C23="Absent",D23="Absent",C23="",D23=""),"", (D23-C23)*1440) -> 589 | F23: =IF(OR(C23="",C23="Absent"),"", MAX(0,(C23 - TIME(8,50,0))*1440)) -> 0 | G23: =IF(C23="","", MAX(0,480 - E23)) -> 0 | H23: =IF(OR(TRIM(C23)="Absent", TRIM(C23)="ABSENT"), "Absent", IF(OR(TRIM(C23)="", TRIM(C23)="-", TRIM(D23)="", TRIM(D23)="-"), "Missing", IF( IF(ISNUMBER(C23), C23, IFERROR(TIMEVALUE(C23), 0)) < TIME(8,30,0), "Early", IF( AND( IF(ISNUMBER(C23), C23, IFERROR(TIMEVALUE(C23), 0)) >= TIME(8,30,0), IF(ISNUMBER(C23), C23, IFERROR(TIMEVALUE(C23), 0)) <= TIME(8,50,0), (IF(ISNUMBER(D23), D23, IFERROR(TIMEVALUE(D23), 0)) - IF(ISNUMBER(C23), C23, IFERROR(TIMEVALUE(C23), 0))) >= TIME(8,0,0) ), "On Time", "Late" ) ) ) ) -> On Time | I23: 480

Sheet Sheet 11
A1: Name | B1: Date | C1: Time In | D1: Time Out | E1: Worked Minutes | F1: Late Minutes | G1: Less Than 8 Hours | H1: Status | I1: Target time | J1: Comments
A2: Sheet 11 | B2: 2026-01-01 | C2: 8:54 AM | D2: 5:01 PM | E2: =IF(OR(C2="Absent",D2="Absent",C2="",D2=""),"", (D2-C2)*1440) -> 487 | F2: =IF(OR(C2="",C2="Absent"),"", MAX(0,(C2 - TIME(8,50,0))*1440)) -> 4 | G2: =IF(C2="","", MAX(0,480 - E2)) -> 0 | H2: =IF(OR(TRIM(C2)="Absent", TRIM(C2)="ABSENT"), "Absent", IF(OR(TRIM(C2)="", TRIM(C2)="-", TRIM(D2)="", TRIM(D2)="-"), "Missing", IF( IF(ISNUMBER(C2), C2, IFERROR(TIMEVALUE(C2), 0)) < TIME(8,30,0), "Early", IF( AND( IF(ISNUMBER(C2), C2, IFERROR(TIMEVALUE(C2), 0)) >= TIME(8,30,0), IF(ISNUMBER(C2), C2, IFERROR(TIMEVALUE(C2), 0)) <= TIME(8,50,0), (IF(ISNUMBER(D2), D2, IFERROR(TIMEVALUE(D2), 0)) - IF(ISNUMBER(C2), C2, IFERROR(TIMEVALUE(C2), 0))) >= TIME(8,0,0) ), "On Time", "Late" ) ) ) ) -> Late | I2: 480
A3: Sheet 11 | B3: 2026-01-02 | C3: 8:54 AM | D3: 5:02 PM | E3: =IF(OR(C3="Absent",D3="Absent",C3="",D3=""),"", (D3-C3)*1440) -> 488 | F3: =IF(OR(C3="",C3="Absent"),"", MAX(0,(C3 - TIME(8,50,0))*1440)) -> 4 | G3: =IF(C3="","", MAX(0,480 - E3)) -> 0 | H3: =IF(OR(TRIM(C3)="Absent", TRIM(C3)="ABSENT"), "Absent", IF(OR(TRIM(C3)="", TRIM(C3)="-", TRIM(D3)="", TRIM(D3)="-"), "Missing", IF( IF(ISNUMBER(C3), C3, IFERROR(TIMEVALUE(C3), 0)) < TIME(8,30,0), "Early", IF( AND( IF(ISNUMBER(C3), C3, IFERROR(TIMEVALUE(C3), 0)) >= TIME(8,30,0), IF(ISNUMBER(C3), C3, IFERROR(TIMEVALUE(C3), 0)) <= TIME(8,50,0), (IF(ISNUMBER(D3), D3, IFERROR(TIMEVALUE(D3), 0)) - IF(ISNUMBER(C3), C3, IFERROR(TIMEVALUE(C3), 0))) >= TIME(8,0,0) ), "On Time", "Late" ) ) ) ) -> Late | I3: 480
A4: Sheet 11 | B4: 2026-01-05 | C4: 8:59 AM | D4: 5:00 PM | E4: =IF(OR(C4="Absent",D4="Absent",C4="",D4=""),"", (D4-C4)*1440) -> 481 | F4: =IF(OR(C4="",C4="Absent"),"", MAX(0,(C4 - TIME(8,50,0))*1440)) -> 9 | G4: =IF(C4="","", MAX(0,480 - E4)) -> 0 | H4: =IF(OR(TRIM(C4)="Absent", TRIM(C4)="ABSENT"), "Absent", IF(OR(TRIM(C4)="", TRIM(C4)="-", TRIM(D4)="", TRIM(D4)="-"), "Missing", IF( IF(ISNUMBER(C4), C4, IFERROR(TIMEVALUE(C4), 0)) < TIME(8,30,0), "Early", IF( AND( IF(ISNUMBER(C4), C4, IFERROR(TIMEVALUE(C4), 0)) >= TIME(8,30,0), IF(ISNUMBER(C4), C4, IFERROR(TIMEVALUE(C4), 0)) <= TIME(8,50,0), (IF(ISNUMBER(D4), D4, IFERROR(TIMEVALUE(D4), 0)) - IF(ISNUMBER(C4), C4, IFERROR(TIMEVALUE(C4), 0))) >= TIME(8,0,0) ), "On Time", "Late" ) ) ) ) -> Late | I4: 480
A5: Sheet 11 | B5: 2026-01-06 | C5: 9:06 AM | D5: 5:00 PM | E5: =IF(OR(C5="Absent",D5="Absent",C5="",D5=""),"", (D5-C5)*1440) -> 474 | F5: =IF(OR(C5="",C5="Absent"),"", MAX(0,(C5 - TIME(8,50,0))*1440)) -> 16 | G5: =IF(C5="","", MAX(0,480 - E5)) -> 6 | H5: =IF(OR(TRIM(C5)="Absent", TRIM(C5)="ABSENT"), "Absent", IF(OR(TRIM(C5)="", TRIM(C5)="-", TRIM(D5)="", TRIM(D5)="-"), "Missing", IF( IF(ISNUMBER(C5), C5, IFERROR(TIMEVALUE(C5), 0)) < TIME(8,30,0), "Early", IF( AND( IF(ISNUMBER(C5), C5, IFERROR(TIMEVALUE(C5), 0)) >= TIME(8,30,0), IF(ISNUMBER(C5), C5, IFERROR(TIMEVALUE(C5), 0)) <= TIME(8,50,0), (IF(ISNUMBER(D5), D5, IFERROR(TIMEVALUE(D5), 0)) - IF(ISNUMBER(C5), C5, IFERROR(TIMEVALUE(C5), 0))) >= TIME(8,0,0) ), "On Time", "Late" ) ) ) ) -> Late | I5: 480
A6: Sheet 11 | B6: 2026-01-07 | C6: 9:02 AM | D6: 5:02 PM | E6: =IF(OR(C6="Absent",D6="Absent",C6="",D6=""),"", (D6-C6)*1440) -> 480 | F6: =IF(OR(C6="",C6="Absent"),"", MAX(0,(C6 - TIME(8,50,0))*1440)) -> 12 | G6: =IF(C6="","", MAX(0,480 - E6)) -> 0 | H6: =IF(OR(TRIM(C6)="Absent", TRIM(C6)="ABSENT"), "Absent", IF(OR(TRIM(C6)="", TRIM(C6)="-", TRIM(D6)="", TRIM(D6)="-"), "Missing", IF( IF(ISNUMBER(C6), C6, IFERROR(TIMEVALUE(C6), 0)) < TIME(8,30,0), "Early", IF( AND( IF(ISNUMBER(C6), C6, IFERROR(TIMEVALUE(C6), 0)) >= TIME(8,30,0), IF(ISNUMBER(C6), C6, IFERROR(TIMEVALUE(C6), 0)) <= TIME(8,50,0), (IF(ISNUMBER(D6), D6, IFERROR(TIMEVALUE(D6), 0)) - IF(ISNUMBER(C6), C6, IFERROR(TIMEVALUE(C6), 0))) >= TIME(8,0,0) ), "On Time", "Late" ) ) ) ) -> Late | I6: 480
A7: Sheet 11 | B7: 2026-01-08 | C7: 9:09 AM | D7: 5:02 PM | E7: =IF(OR(C7="Absent",D7="Absent",C7="",D7=""),"", (D7-C7)*1440) -> 473 | F7: =IF(OR(C7="",C7="Absent"),"", MAX(0,(C7 - TIME(8,50,0))*1440)) -> 19 | G7: =IF(C7="","", MAX(0,480 - E7)) -> 7 | H7: =IF(OR(TRIM(C7)="Absent", TRIM(C7)="ABSENT"), "Absent", IF(OR(TRIM(C7)="", TRIM(C7)="-", TRIM(D7)="", TRIM(D7)="-"), "Missing", IF( IF(ISNUMBER(C7), C7, IFERROR(TIMEVALUE(C7), 0)) < TIME(8,30,0), "Early", IF( AND( IF(ISNUMBER(C7), C7, IFERROR(TIMEVALUE(C7), 0)) >= TIME(8,30,0), IF(ISNUMBER(C7), C7, IFERROR(TIMEVALUE(C7), 0)) <= TIME(8,50,0), (IF(ISNUMBER(D7), D7, IFERROR(TIMEVALUE(D7), 0)) - IF(ISNUMBER(C7), C7, IFERROR(TIMEVALUE(C7), 0))) >= TIME(8,0,0) ), "On Time", "Late" ) ) ) ) -> Late | I7: 480
A8: Sheet 11 | B8: 2026-01-09 | C8: 9:01 AM | D8: 5:01 PM | E8: =IF(OR(C8="Absent",D8="Absent",C8="",D8=""),"", (D8-C8)*1440) -> 480 | F8: =IF(OR(C8="",C8="Absent"),"", MAX(0,(C8 - TIME(8,50,0))*1440)) -> 11 | G8: =IF(C8="","", MAX(0,480 - E8)) -> 0 | H8: =IF(OR(TRIM(C8)="Absent", TRIM(C8)="ABSENT"), "Absent", IF(OR(TRIM(C8)="", TRIM(C8)="-", TRIM(D8)="", TRIM(D8)="-"), "Missing", IF( IF(ISNUMBER(C8), C8, IFERROR(TIMEVALUE(C8), 0)) < TIME(8,30,0), "Early", IF( AND( IF(ISNUMBER(C8), C8, IFERROR(TIMEVALUE(C8), 0)) >= TIME(8,30,0), IF(ISNUMBER(C8), C8, IFERROR(TIMEVALUE(C8), 0)) <= TIME(8,50,0), (IF(ISNUMBER(D8), D8, IFERROR(TIMEVALUE(D8), 0)) - IF(ISNUMBER(C8), C8, IFERROR(TIMEVALUE(C8), 0))) >= TIME(8,0,0) ), "On Time", "Late" ) ) ) ) -> Late | I8: 480
A9: Sheet 11 | B9: 2026-01-12 | C9: 9:08 AM | D9: 5:02 PM | E9: =IF(OR(C9="Absent",D9="Absent",C9="",D9=""),"", (D9-C9)*1440) -> 474 | F9: =IF(OR(C9="",C9="Absent"),"", MAX(0,(C9 - TIME(8,50,0))*1440)) -> 18 | G9: =IF(C9="","", MAX(0,480 - E9)) -> 6 | H9: =IF(OR(TRIM(C9)="Absent", TRIM(C9)="ABSENT"), "Absent", IF(OR(TRIM(C9)="", TRIM(C9)="-", TRIM(D9)="", TRIM(D9)="-"), "Missing", IF( IF(ISNUMBER(C9), C9, IFERROR(TIMEVALUE(C9), 0)) < TIME(8,30,0), "Early", IF( AND( IF(ISNUMBER(C9), C9, IFERROR(TIMEVALUE(C9), 0)) >= TIME(8,30,0), IF(ISNUMBER(C9), C9, IFERROR(TIMEVALUE(C9), 0)) <= TIME(8,50,0), (IF(ISNUMBER(D9), D9, IFERROR(TIMEVALUE(D9), 0)) - IF(ISNUMBER(C9), C9, IFERROR(TIMEVALUE(C9), 0))) >= TIME(8,0,0) ), "On Time", "Late" ) ) ) ) -> Late | I9: 480
A10: Sheet 11 | B10: 2026-01-13 | C10: 9:00 AM | D10: 5:01 PM | E10: =IF(OR(C10="Absent",D10="Absent",C10="",D10=""),"", (D10-C10)*1440) -> 481 | F10: =IF(OR(C10="",C10="Absent"),"", MAX(0,(C10 - TIME(8,50,0))*1440)) -> 10 | G10: =IF(C10="","", MAX(0,480 - E10)) -> 0 | H10: =IF(OR(TRIM(C10)="Absent", TRIM(C10)="ABSENT"), "Absent", IF(OR(TRIM(C10)="", TRIM(C10)="-", TRIM(D10)="", TRIM(D10)="-"), "Missing", IF( IF(ISNUMBER(C10), C10, IFERROR(TIMEVALUE(C10), 0)) < TIME(8,30,0), "Early", IF( AND( IF(ISNUMBER(C10), C10, IFERROR(TIMEVALUE(C10), 0)) >= TIME(8,30,0), IF(ISNUMBER(C10), C10, IFERROR(TIMEVALUE(C10), 0)) <= TIME(8,50,0), (IF(ISNUMBER(D10), D10, IFERROR(TIMEVALUE(D10), 0)) - IF(ISNUMBER(C10), C10, IFERROR(TIMEVALUE(C10), 0))) >= TIME(8,0,0) ), "On Time", "Late" ) ) ) ) -> Late | I10: 480
A11: Sheet 11 | B11: 2026-01-14 | C11: 8:58 AM | D11: 5:01 PM | E11: =IF(OR(C11="Absent",D11="Absent",C11="",D11=""),"", (D11-C11)*1440) -> 483 | F11: =IF(OR(C11="",C11="Absent"),"", MAX(0,(C11 - TIME(8,50,0))*1440)) -> 8 | G11: =IF(C11="","", MAX(0,480 - E11)) -> 0 | H11: =IF(OR(TRIM(C11)="Absent", TRIM(C11)="ABSENT"), "Absent", IF(OR(TRIM(C11)="", TRIM(C11)="-", TRIM(D11)="", TRIM(D11)="-"), "Missing", IF( IF(ISNUMBER(C11), C11, IFERROR(TIMEVALUE(C11), 0)) < TIME(8,30,0), "Early", IF( AND( IF(ISNUMBER(C11), C11, IFERROR(TIMEVALUE(C11), 0)) >= TIME(8,30,0), IF(ISNUMBER(C11), C11, IFERROR(TIMEVALUE(C11), 0)) <= TIME(8,50,0), (IF(ISNUMBER(D11), D11, IFERROR(TIMEVALUE(D11), 0)) - IF(ISNUMBER(C11), C11, IFERROR(TIMEVALUE(C11), 0))) >= TIME(8,0,0) ), "On Time", "Late" ) ) ) ) -> Late | I11: 480
A12: Sheet 11 | B12: 2026-01-15 | C12: 8:59 AM | D12: 5:01 PM | E12: =IF(OR(C12="Absent",D12="Absent",C12="",D12=""),"", (D12-C12)*1440) -> 482 | F12: =IF(OR(C12="",C12="Absent"),"", MAX(0,(C12 - TIME(8,50,0))*1440)) -> 9 | G12: =IF(C12="","", MAX(0,480 - E12)) -> 0 | H12: =IF(OR(TRIM(C12)="Absent", TRIM(C12)="ABSENT"), "Absent", IF(OR(TRIM(C12)="", TRIM(C12)="-", TRIM(D12)="", TRIM(D12)="-"), "Missing", IF( IF(ISNUMBER(C12), C12, IFERROR(TIMEVALUE(C12), 0)) < TIME(8,30,0), "Early", IF( AND( IF(ISNUMBER(C12), C12, IFERROR(TIMEVALUE(C12), 0)) >= TIME(8,30,0), IF(ISNUMBER(C12), C12, IFERROR(TIMEVALUE(C12), 0)) <= TIME(8,50,0), (IF(ISNUMBER(D12), D12, IFERROR(TIMEVALUE(D12), 0)) - IF(ISNUMBER(C12), C12, IFERROR(TIMEVALUE(C12), 0))) >= TIME(8,0,0) ), "On Time", "Late" ) ) ) ) -> Late | I12: 480
A13: Sheet 11 | B13: 2026-01-16 | C13: 8:59 AM | D13: 5:00 PM | E13: =IF(OR(C13="Absent",D13="Absent",C13="",D13=""),"", (D13-C13)*1440) -> 481 | F13: =IF(OR(C13="",C13="Absent"),"", MAX(0,(C13 - TIME(8,50,0))*1440)) -> 9 | G13: =IF(C13="","", MAX(0,480 - E13)) -> 0 | H13: =IF(OR(TRIM(C13)="Absent", TRIM(C13)="ABSENT"), "Absent", IF(OR(TRIM(C13)="", TRIM(C13)="-", TRIM(D13)="", TRIM(D13)="-"), "Missing", IF( IF(ISNUMBER(C13), C13, IFERROR(TIMEVALUE(C13), 0)) < TIME(8,30,0), "Early", IF( AND( IF(ISNUMBER(C13), C13, IFERROR(TIMEVALUE(C13), 0)) >= TIME(8,30,0), IF(ISNUMBER(C13), C13, IFERROR(TIMEVALUE(C13), 0)) <= TIME(8,50,0), (IF(ISNUMBER(D13), D13, IFERROR(TIMEVALUE(D13), 0)) - IF(ISNUMBER(C13), C13, IFERROR(TIMEVALUE(C13), 0))) >= TIME(8,0,0) ), "On Time", "Late" ) ) ) ) -> Late | I13: 480
... A23: Sheet 11 | B23: 2026-01-30 | C23: 9:01 AM | D23: 4:51 PM | E23: =IF(OR(C23="Absent",D23="Absent",C23="",D23=""),"", (D23-C23)*1440) -> 470 | F23: =IF(OR(C23="",C23="Absent"),"", MAX(0,(C23 - TIME(8,50,0))*1440)) -> 11 | G23: =IF(C23="","", MAX(0,480 - E23)) -> 10 | H23: =IF(OR(TRIM(C23)="Absent", TRIM(C23)="ABSENT"), "Absent", IF(OR(TRIM(C23)="", TRIM(C23)="-", TRIM(D23)="", TRIM(D23)="-"), "Missing", IF( IF(ISNUMBER(C23), C23, IFERROR(TIMEVALUE(C23), 0)) < TIME(8,30,0), "Early", IF( AND( IF(ISNUMBER(C23), C23, IFERROR(TIMEVALUE(C23), 0)) >= TIME(8,30,0), IF(ISNUMBER(C23), C23, IFERROR(TIMEVALUE(C23), 0)) <= TIME(8,50,0), (IF(ISNUMBER(D23), D23, IFERROR(TIMEVALUE(D23), 0)) - IF(ISNUMBER(C23), C23, IFERROR(TIMEVALUE(C23), 0))) >= TIME(8,0,0) ), "On Time", "Late" ) ) ) ) -> Late | I23: 480

Sheet Sheet 10
A1: Name | B1: Date | C1: Time In | D1: Time Out | E1: Worked Minutes | F1: Late Minutes | G1: Less Than 8 Hours | H1: Status | I1: Target time | J1: Comments
A2: Sheet 10 | B2: 2026-01-01 | C2: Absent | D2: - | E2: =IF(OR(C2="Absent",D2="Absent",C2="",D2=""),"", (D2-C2)*1440) | F2: =IF(OR(C2="",C2="Absent"),"", MAX(0,(C2 - TIME(8,50,0))*1440)) | G2: =IF(C2="","", MAX(0,480 - E2)) -> #VALUE! | H2: =IF(OR(TRIM(C2)="Absent", TRIM(C2)="ABSENT"), "Absent", IF(OR(TRIM(C2)="", TRIM(C2)="-", TRIM(D2)="", TRIM(D2)="-"), "Missing", IF( IF(ISNUMBER(C2), C2, IFERROR(TIMEVALUE(C2), 0)) < TIME(8,30,0), "Early", IF( AND( IF(ISNUMBER(C2), C2, IFERROR(TIMEVALUE(C2), 0)) >= TIME(8,30,0), IF(ISNUMBER(C2), C2, IFERROR(TIMEVALUE(C2), 0)) <= TIME(8,50,0), (IF(ISNUMBER(D2), D2, IFERROR(TIMEVALUE(D2), 0)) - IF(ISNUMBER(C2), C2, IFERROR(TIMEVALUE(C2), 0))) >= TIME(8,0,0) ), "On Time", "Late" ) ) ) ) -> Absent | I2: 480
A3: Sheet 10 | B3: 2026-01-02 | C3: 9:08 AM | D3: 5:04 PM | E3: =IF(OR(C3="Absent",D3="Absent",C3="",D3=""),"", (D3-C3)*1440) -> 476 | F3: =IF(OR(C3="",C3="Absent"),"", MAX(0,(C3 - TIME(8,50,0))*1440)) -> 18 | G3: =IF(C3="","", MAX(0,480 - E3)) -> 4 | H3: =IF(OR(TRIM(C3)="Absent", TRIM(C3)="ABSENT"), "Absent", IF(OR(TRIM(C3)="", TRIM(C3)="-", TRIM(D3)="", TRIM(D3)="-"), "Missing", IF( IF(ISNUMBER(C3), C3, IFERROR(TIMEVALUE(C3), 0)) < TIME(8,30,0), "Early", IF( AND( IF(ISNUMBER(C3), C3, IFERROR(TIMEVALUE(C3), 0)) >= TIME(8,30,0), IF(ISNUMBER(C3), C3, IFERROR(TIMEVALUE(C3), 0)) <= TIME(8,50,0), (IF(ISNUMBER(D3), D3, IFERROR(TIMEVALUE(D3), 0)) - IF(ISNUMBER(C3), C3, IFERROR(TIMEVALUE(C3), 0))) >= TIME(8,0,0) ), "On Time", "Late" ) ) ) ) -> Late | I3: 480
A4: Sheet 10 | B4: 2026-01-05 | C4: 9:14 AM | D4: 5:00 PM | E4: =IF(OR(C4="Absent",D4="Absent",C4="",D4=""),"", (D4-C4)*1440) -> 466 | F4: =IF(OR(C4="",C4="Absent"),"", MAX(0,(C4 - TIME(8,50,0))*1440)) -> 24 | G4: =IF(C4="","", MAX(0,480 - E4)) -> 14 | H4: =IF(OR(TRIM(C4)="Absent", TRIM(C4)="ABSENT"), "Absent", IF(OR(TRIM(C4)="", TRIM(C4)="-", TRIM(D4)="", TRIM(D4)="-"), "Missing", IF( IF(ISNUMBER(C4), C4, IFERROR(TIMEVALUE(C4), 0)) < TIME(8,30,0), "Early", IF( AND( IF(ISNUMBER(C4), C4, IFERROR(TIMEVALUE(C4), 0)) >= TIME(8,30,0), IF(ISNUMBER(C4), C4, IFERROR(TIMEVALUE(C4), 0)) <= TIME(8,50,0), (IF(ISNUMBER(D4), D4, IFERROR(TIMEVALUE(D4), 0)) - IF(ISNUMBER(C4), C4, IFERROR(TIMEVALUE(C4), 0))) >= TIME(8,0,0) ), "On Time", "Late" ) ) ) ) -> Late | I4: 480
A5: Sheet 10 | B5: 2026-01-06 | C5: 9:13 AM | D5: 5:19 PM | E5: =IF(OR(C5="Absent",D5="Absent",C5="",D5=""),"", (D5-C5)*1440) -> 486 | F5: =IF(OR(C5="",C5="Absent"),"", MAX(0,(C5 - TIME(8,50,0))*1440)) -> 23 | G5: =IF(C5="","", MAX(0,480 - E5)) -> 0 | H5: =IF(OR(TRIM(C5)="Absent", TRIM(C5)="ABSENT"), "Absent", IF(OR(TRIM(C5)="", TRIM(C5)="-", TRIM(D5)="", TRIM(D5)="-"), "Missing", IF( IF(ISNUMBER(C5), C5, IFERROR(TIMEVALUE(C5), 0)) < TIME(8,30,0), "Early", IF( AND( IF(ISNUMBER(C5), C5, IFERROR(TIMEVALUE(C5), 0)) >= TIME(8,30,0), IF(ISNUMBER(C5), C5, IFERROR(TIMEVALUE(C5), 0)) <= TIME(8,50,0), (IF(ISNUMBER(D5), D5, IFERROR(TIMEVALUE(D5), 0)) - IF(ISNUMBER(C5), C5, IFERROR(TIMEVALUE(C5), 0))) >= TIME(8,0,0) ), "On Time", "Late" ) ) ) ) -> Late | I5: 480
A6: Sheet 10 | B6: 2026-01-07 | C6: 5:32 PM | D6: 5:32 PM | E6: =IF(OR(C6="Absent",D6="Absent",C6="",D6=""),"", (D6-C6)*1440) -> 0 | F6: =IF(OR(C6="",C6="Absent"),"", MAX(0,(C6 - TIME(8,50,0))*1440)) -> 522 | G6: =IF(C6="","", MAX(0,480 - E6)) -> 480 | H6: =IF(OR(TRIM(C6)="Absent", TRIM(C6)="ABSENT"), "Absent", IF(OR(TRIM(C6)="", TRIM(C6)="-", TRIM(D6)="", TRIM(D6)="-"), "Missing", IF( IF(ISNUMBER(C6), C6, IFERROR(TIMEVALUE(C6), 0)) < TIME(8,30,0), "Early", IF( AND( IF(ISNUMBER(C6), C6, IFERROR(TIMEVALUE(C6), 0)) >= TIME(8,30,0), IF(ISNUMBER(C6), C6, IFERROR(TIMEVALUE(C6), 0)) <= TIME(8,50,0), (IF(ISNUMBER(D6), D6, IFERROR(TIMEVALUE(D6), 0)) - IF(ISNUMBER(C6), C6, IFERROR(TIMEVALUE(C6), 0))) >= TIME(8,0,0) ), "On Time", "Late" ) ) ) ) -> Late | I6: 480
A7: Sheet 10 | B7: 2026-01-08 | C7: 9:04 AM | D7: 4:11 PM | E7: =IF(OR(C7="Absent",D7="Absent",C7="",D7=""),"", (D7-C7)*1440) -> 427 | F7: =IF(OR(C7="",C7="Absent"),"", MAX(0,(C7 - TIME(8,50,0))*1440)) -> 14 | G7: =IF(C7="","", MAX(0,480 - E7)) -> 53 | H7: =IF(OR(TRIM(C7)="Absent", TRIM(C7)="ABSENT"), "Absent", IF(OR(TRIM(C7)="", TRIM(C7)="-", TRIM(D7)="", TRIM(D7)="-"), "Missing", IF( IF(ISNUMBER(C7), C7, IFERROR(TIMEVALUE(C7), 0)) < TIME(8,30,0), "Early", IF( AND( IF(ISNUMBER(C7), C7, IFERROR(TIMEVALUE(C7), 0)) >= TIME(8,30,0), IF(ISNUMBER(C7), C7, IFERROR(TIMEVALUE(C7), 0)) <= TIME(8,50,0), (IF(ISNUMBER(D7), D7, IFERROR(TIMEVALUE(D7), 0)) - IF(ISNUMBER(C7), C7, IFERROR(TIMEVALUE(C7), 0))) >= TIME(8,0,0) ), "On Time", "Late" ) ) ) ) -> Late | I7: 480
A8: Sheet 10 | B8: 2026-01-09 | C8: 9:36 AM | D8: 5:45 PM | E8: =IF(OR(C8="Absent",D8="Absent",C8="",D8=""),"", (D8-C8)*1440) -> 489 | F8: =IF(OR(C8="",C8="Absent"),"", MAX(0,(C8 - TIME(8,50,0))*1440)) -> 46 | G8: =IF(C8="","", MAX(0,480 - E8)) -> 0 | H8: =IF(OR(TRIM(C8)="Absent", TRIM(C8)="ABSENT"), "Absent", IF(OR(TRIM(C8)="", TRIM(C8)="-", TRIM(D8)="", TRIM(D8)="-"), "Missing", IF( IF(ISNUMBER(C8), C8, IFERROR(TIMEVALUE(C8), 0)) < TIME(8,30,0), "Early", IF( AND( IF(ISNUMBER(C8), C8, IFERROR(TIMEVALUE(C8), 0)) >= TIME(8,30,0), IF(ISNUMBER(C8), C8, IFERROR(TIMEVALUE(C8), 0)) <= TIME(8,50,0), (IF(ISNUMBER(D8), D8, IFERROR(TIMEVALUE(D8), 0)) - IF(ISNUMBER(C8), C8, IFERROR(TIMEVALUE(C8), 0))) >= TIME(8,0,0) ), "On Time", "Late" ) ) ) ) -> Late | I8: 480
A9: Sheet 10 | B9: 2026-01-12 | C9: 9:11 AM | D9: 5:20 PM | E9: =IF(OR(C9="Absent",D9="Absent",C9="",D9=""),"", (D9-C9)*1440) -> 489 | F9: =IF(OR(C9="",C9="Absent"),"", MAX(0,(C9 - TIME(8,50,0))*1440)) -> 21 | G9: =IF(C9="","", MAX(0,480 - E9)) -> 0 | H9: =IF(OR(TRIM(C9)="Absent", TRIM(C9)="ABSENT"), "Absent", IF(OR(TRIM(C9)="", TRIM(C9)="-", TRIM(D9)="", TRIM(D9)="-"), "Missing", IF( IF(ISNUMBER(C9), C9, IFERROR(TIMEVALUE(C9), 0)) < TIME(8,30,0), "Early", IF( AND( IF(ISNUMBER(C9), C9, IFERROR(TIMEVALUE(C9), 0)) >= TIME(8,30,0), IF(ISNUMBER(C9), C9, IFERROR(TIMEVALUE(C9), 0)) <= TIME(8,50,0), (IF(ISNUMBER(D9), D9, IFERROR(TIMEVALUE(D9), 0)) - IF(ISNUMBER(C9), C9, IFERROR(TIMEVALUE(C9), 0))) >= TIME(8,0,0) ), "On Time", "Late" ) ) ) ) -> Late | I9: 480
A10: Sheet 10 | B10: 2026-01-13 | C10: 9:13 AM | D10: 3:17 PM | E10: =IF(OR(C10="Absent",D10="Absent",C10="",D10=""),"", (D10-C10)*1440) -> 364 | F10: =IF(OR(C10="",C10="Absent"),"", MAX(0,(C10 - TIME(8,50,0))*1440)) -> 23 | G10: =IF(C10="","", MAX(0,480 - E10)) -> 116 | H10: =IF(OR(TRIM(C10)="Absent", TRIM(C10)="ABSENT"), "Absent", IF(OR(TRIM(C10)="", TRIM(C10)="-", TRIM(D10)="", TRIM(D10)="-"), "Missing", IF( IF(ISNUMBER(C10), C10, IFERROR(TIMEVALUE(C10), 0)) < TIME(8,30,0), "Early", IF( AND( IF(ISNUMBER(C10), C10, IFERROR(TIMEVALUE(C10), 0)) >= TIME(8,30,0), IF(ISNUMBER(C10), C10, IFERROR(TIMEVALUE(C10), 0)) <= TIME(8,50,0), (IF(ISNUMBER(D10), D10, IFERROR(TIMEVALUE(D10), 0)) - IF(ISNUMBER(C10), C10, IFERROR(TIMEVALUE(C10), 0))) >= TIME(8,0,0) ), "On Time", "Late" ) ) ) ) -> Late | I10: 480
A11: Sheet 10 | B11: 2026-01-14 | C11: Absent | D11: - | E11: =IF(OR(C11="Absent",D11="Absent",C11="",D11=""),"", (D11-C11)*1440) | F11: =IF(OR(C11="",C11="Absent"),"", MAX(0,(C11 - TIME(8,50,0))*1440)) | G11: =IF(C11="","", MAX(0,480 - E11)) -> #VALUE! | H11: =IF(OR(TRIM(C11)="Absent", TRIM(C11)="ABSENT"), "Absent", IF(OR(TRIM(C11)="", TRIM(C11)="-", TRIM(D11)="", TRIM(D11)="-"), "Missing", IF( IF(ISNUMBER(C11), C11, IFERROR(TIMEVALUE(C11), 0)) < TIME(8,30,0), "Early", IF( AND( IF(ISNUMBER(C11), C11, IFERROR(TIMEVALUE(C11), 0)) >= TIME(8,30,0), IF(ISNUMBER(C11), C11, IFERROR(TIMEVALUE(C11), 0)) <= TIME(8,50,0), (IF(ISNUMBER(D11), D11, IFERROR(TIMEVALUE(D11), 0)) - IF(ISNUMBER(C11), C11, IFERROR(TIMEVALUE(C11), 0))) >= TIME(8,0,0) ), "On Time", "Late" ) ) ) ) -> Absent | I11: 480
A12: Sheet 10 | B12: 2026-01-15 | C12: 9:15 AM | D12: 11:58 AM | E12: =IF(OR(C12="Absent",D12="Absent",C12="",D12=""),"", (D12-C12)*1440) -> 163 | F12: =IF(OR(C12="",C12="Absent"),"", MAX(0,(C12 - TIME(8,50,0))*1440)) -> 25 | G12: =IF(C12="","", MAX(0,480 - E12)) -> 317 | H12: =IF(OR(TRIM(C12)="Absent", TRIM(C12)="ABSENT"), "Absent", IF(OR(TRIM(C12)="", TRIM(C12)="-", TRIM(D12)="", TRIM(D12)="-"), "Missing", IF( IF(ISNUMBER(C12), C12, IFERROR(TIMEVALUE(C12), 0)) < TIME(8,30,0), "Early", IF( AND( IF(ISNUMBER(C12), C12, IFERROR(TIMEVALUE(C12), 0)) >= TIME(8,30,0), IF(ISNUMBER(C12), C12, IFERROR(TIMEVALUE(C12), 0)) <= TIME(8,50,0), (IF(ISNUMBER(D12), D12, IFERROR(TIMEVALUE(D12), 0)) - IF(ISNUMBER(C12), C12, IFERROR(TIMEVALUE(C12), 0))) >= TIME(8,0,0) ), "On Time", "Late" ) ) ) ) -> Late | I12: 480
A13: Sheet 10 | B13: 2026-01-16 | C13: Absent | D13: - | E13: =IF(OR(C13="Absent",D13="Absent",C13="",D13=""),"", (D13-C13)*1440) | F13: =IF(OR(C13="",C13="Absent"),"", MAX(0,(C13 - TIME(8,50,0))*1440)) | G13: =IF(C13="","", MAX(0,480 - E13)) -> #VALUE! | H13: =IF(OR(TRIM(C13)="Absent", TRIM(C13)="ABSENT"), "Absent", IF(OR(TRIM(C13)="", TRIM(C13)="-", TRIM(D13)="", TRIM(D13)="-"), "Missing", IF( IF(ISNUMBER(C13), C13, IFERROR(TIMEVALUE(C13), 0)) < TIME(8,30,0), "Early", IF( AND( IF(ISNUMBER(C13), C13, IFERROR(TIMEVALUE(C13), 0)) >= TIME(8,30,0), IF(ISNUMBER(C13), C13, IFERROR(TIMEVALUE(C13), 0)) <= TIME(8,50,0), (IF(ISNUMBER(D13), D13, IFERROR(TIMEVALUE(D13), 0)) - IF(ISNUMBER(C13), C13, IFERROR(TIMEVALUE(C13), 0))) >= TIME(8,0,0) ), "On Time", "Late" ) ) ) ) -> Absent | I13: 480
... A23: Sheet 10 | B23: 2026-01-30 | C23: 9:27 AM | D23: 5:32 PM | E23: =IF(OR(C23="Absent",D23="Absent",C23="",D23=""),"", (D23-C23)*1440) -> 485 | F23: =IF(OR(C23="",C23="Absent"),"", MAX(0,(C23 - TIME(8,50,0))*1440)) -> 37 | G23: =IF(C23="","", MAX(0,480 - E23)) -> 0 | H23: =IF(OR(TRIM(C23)="Absent", TRIM(C23)="ABSENT"), "Absent", IF(OR(TRIM(C23)="", TRIM(C23)="-", TRIM(D23)="", TRIM(D23)="-"), "Missing", IF( IF(ISNUMBER(C23), C23, IFERROR(TIMEVALUE(C23), 0)) < TIME(8,30,0), "Early", IF( AND( IF(ISNUMBER(C23), C23, IFERROR(TIMEVALUE(C23), 0)) >= TIME(8,30,0), IF(ISNUMBER(C23), C23, IFERROR(TIMEVALUE(C23), 0)) <= TIME(8,50,0), (IF(ISNUMBER(D23), D23, IFERROR(TIMEVALUE(D23), 0)) - IF(ISNUMBER(C23), C23, IFERROR(TIMEVALUE(C23), 0))) >= TIME(8,0,0) ), "On Time", "Late" ) ) ) ) -> Late | I23: 480

Sheet Sheet 9
A1: Name | B1: Date | C1: Time In | D1: Time Out | E1: Worked Minutes | F1: Late Minutes | G1: Less Than 8 Hours | H1: Status | I1: Target time | J1: Comments
A2: Sheet 9 | B2: 2026-01-01 | C2: 8:07 AM | D2: - | E2: =IF(OR(C2="Absent",D2="Absent",C2="",D2=""),"", (D2-C2)*1440) -> #VALUE! | F2: =IF(OR(C2="",C2="Absent"),"", MAX(0,(C2 - TIME(8,50,0))*1440)) -> 0 | G2: =IF(C2="","", MAX(0,480 - E2)) -> #VALUE! | H2: =IF(OR(TRIM(C2)="Absent", TRIM(C2)="ABSENT"), "Absent", IF(OR(TRIM(C2)="", TRIM(C2)="-", TRIM(D2)="", TRIM(D2)="-"), "Missing", IF( IF(ISNUMBER(C2), C2, IFERROR(TIMEVALUE(C2), 0)) < TIME(8,30,0), "Early", IF( AND( IF(ISNUMBER(C2), C2, IFERROR(TIMEVALUE(C2), 0)) >= TIME(8,30,0), IF(ISNUMBER(C2), C2, IFERROR(TIMEVALUE(C2), 0)) <= TIME(8,50,0), (IF(ISNUMBER(D2), D2, IFERROR(TIMEVALUE(D2), 0)) - IF(ISNUMBER(C2), C2, IFERROR(TIMEVALUE(C2), 0))) >= TIME(8,0,0) ), "On Time", "Late" ) ) ) ) -> Missing | I2: 480
A3: Sheet 9 | B3: 2026-01-02 | C3: 8:07 AM | D3: 4:02 PM | E3: =IF(OR(C3="Absent",D3="Absent",C3="",D3=""),"", (D3-C3)*1440) -> 475 | F3: =IF(OR(C3="",C3="Absent"),"", MAX(0,(C3 - TIME(8,50,0))*1440)) -> 0 | G3: =IF(C3="","", MAX(0,480 - E3)) -> 5 | H3: =IF(OR(TRIM(C3)="Absent", TRIM(C3)="ABSENT"), "Absent", IF(OR(TRIM(C3)="", TRIM(C3)="-", TRIM(D3)="", TRIM(D3)="-"), "Missing", IF( IF(ISNUMBER(C3), C3, IFERROR(TIMEVALUE(C3), 0)) < TIME(8,30,0), "Early", IF( AND( IF(ISNUMBER(C3), C3, IFERROR(TIMEVALUE(C3), 0)) >= TIME(8,30,0), IF(ISNUMBER(C3), C3, IFERROR(TIMEVALUE(C3), 0)) <= TIME(8,50,0), (IF(ISNUMBER(D3), D3, IFERROR(TIMEVALUE(D3), 0)) - IF(ISNUMBER(C3), C3, IFERROR(TIMEVALUE(C3), 0))) >= TIME(8,0,0) ), "On Time", "Late" ) ) ) ) -> Early | I3: 480
A4: Sheet 9 | B4: 2026-01-05 | C4: Absent | D4: - | E4: =IF(OR(C4="Absent",D4="Absent",C4="",D4=""),"", (D4-C4)*1440) | F4: =IF(OR(C4="",C4="Absent"),"", MAX(0,(C4 - TIME(8,50,0))*1440)) | G4: =IF(C4="","", MAX(0,480 - E4)) -> #VALUE! | H4: =IF(OR(TRIM(C4)="Absent", TRIM(C4)="ABSENT"), "Absent", IF(OR(TRIM(C4)="", TRIM(C4)="-", TRIM(D4)="", TRIM(D4)="-"), "Missing", IF( IF(ISNUMBER(C4), C4, IFERROR(TIMEVALUE(C4), 0)) < TIME(8,30,0), "Early", IF( AND( IF(ISNUMBER(C4), C4, IFERROR(TIMEVALUE(C4), 0)) >= TIME(8,30,0), IF(ISNUMBER(C4), C4, IFERROR(TIMEVALUE(C4), 0)) <= TIME(8,50,0), (IF(ISNUMBER(D4), D4, IFERROR(TIMEVALUE(D4), 0)) - IF(ISNUMBER(C4), C4, IFERROR(TIMEVALUE(C4), 0))) >= TIME(8,0,0) ), "On Time", "Late" ) ) ) ) -> Absent | I4: 480
A5: Sheet 9 | B5: 2026-01-06 | C5: 8:08 AM | D5: 5:22 PM | E5: =IF(OR(C5="Absent",D5="Absent",C5="",D5=""),"", (D5-C5)*1440) -> 554 | F5: =IF(OR(C5="",C5="Absent"),"", MAX(0,(C5 - TIME(8,50,0))*1440)) -> 0 | G5: =IF(C5="","", MAX(0,480 - E5)) -> 0 | H5: =IF(OR(TRIM(C5)="Absent", TRIM(C5)="ABSENT"), "Absent", IF(OR(TRIM(C5)="", TRIM(C5)="-", TRIM(D5)="", TRIM(D5)="-"), "Missing", IF( IF(ISNUMBER(C5), C5, IFERROR(TIMEVALUE(C5), 0)) < TIME(8,30,0), "Early", IF( AND( IF(ISNUMBER(C5), C5, IFERROR(TIMEVALUE(C5), 0)) >= TIME(8,30,0), IF(ISNUMBER(C5), C5, IFERROR(TIMEVALUE(C5), 0)) <= TIME(8,50,0), (IF(ISNUMBER(D5), D5, IFERROR(TIMEVALUE(D5), 0)) - IF(ISNUMBER(C5), C5, IFERROR(TIMEVALUE(C5), 0))) >= TIME(8,0,0) ), "On Time", "Late" ) ) ) ) -> Early | I5: 480
A6: Sheet 9 | B6: 2026-01-07 | C6: 8:03 AM | D6: 5:20 PM | E6: =IF(OR(C6="Absent",D6="Absent",C6="",D6=""),"", (D6-C6)*1440) -> 557 | F6: =IF(OR(C6="",C6="Absent"),"", MAX(0,(C6 - TIME(8,50,0))*1440)) -> 0 | G6: =IF(C6="","", MAX(0,480 - E6)) -> 0 | H6: =IF(OR(TRIM(C6)="Absent", TRIM(C6)="ABSENT"), "Absent", IF(OR(TRIM(C6)="", TRIM(C6)="-", TRIM(D6)="", TRIM(D6)="-"), "Missing", IF( IF(ISNUMBER(C6), C6, IFERROR(TIMEVALUE(C6), 0)) < TIME(8,30,0), "Early", IF( AND( IF(ISNUMBER(C6), C6, IFERROR(TIMEVALUE(C6), 0)) >= TIME(8,30,0), IF(ISNUMBER(C6), C6, IFERROR(TIMEVALUE(C6), 0)) <= TIME(8,50,0), (IF(ISNUMBER(D6), D6, IFERROR(TIMEVALUE(D6), 0)) - IF(ISNUMBER(C6), C6, IFERROR(TIMEVALUE(C6), 0))) >= TIME(8,0,0) ), "On Time", "Late" ) ) ) ) -> Early | I6: 480
A7: Sheet 9 | B7: 2026-01-08 | C7: 8:05 AM | D7: 8:05 AM | E7: =IF(OR(C7="Absent",D7="Absent",C7="",D7=""),"", (D7-C7)*1440) -> 0 | F7: =IF(OR(C7="",C7="Absent"),"", MAX(0,(C7 - TIME(8,50,0))*1440)) -> 0 | G7: =IF(C7="","", MAX(0,480 - E7)) -> 480 | H7: =IF(OR(TRIM(C7)="Absent", TRIM(C7)="ABSENT"), "Absent", IF(OR(TRIM(C7)="", TRIM(C7)="-", TRIM(D7)="", TRIM(D7)="-"), "Missing", IF( IF(ISNUMBER(C7), C7, IFERROR(TIMEVALUE(C7), 0)) < TIME(8,30,0), "Early", IF( AND( IF(ISNUMBER(C7), C7, IFERROR(TIMEVALUE(C7), 0)) >= TIME(8,30,0), IF(ISNUMBER(C7), C7, IFERROR(TIMEVALUE(C7), 0)) <= TIME(8,50,0), (IF(ISNUMBER(D7), D7, IFERROR(TIMEVALUE(D7), 0)) - IF(ISNUMBER(C7), C7, IFERROR(TIMEVALUE(C7), 0))) >= TIME(8,0,0) ), "On Time", "Late" ) ) ) ) -> Early | I7: 480
A8: Sheet 9 | B8: 2026-01-09 | C8: Absent | D8: - | E8: =IF(OR(C8="Absent",D8="Absent",C8="",D8=""),"", (D8-C8)*1440) | F8: =IF(OR(C8="",C8="Absent"),"", MAX(0,(C8 - TIME(8,50,0))*1440)) | G8: =IF(C8="","", MAX(0,480 - E8)) -> #VALUE! | H8: =IF(OR(TRIM(C8)="Absent", TRIM(C8)="ABSENT"), "Absent", IF(OR(TRIM(C8)="", TRIM(C8)="-", TRIM(D8)="", TRIM(D8)="-"), "Missing", IF( IF(ISNUMBER(C8), C8, IFERROR(TIMEVALUE(C8), 0)) < TIME(8,30,0), "Early", IF( AND( IF(ISNUMBER(C8), C8, IFERROR(TIMEVALUE(C8), 0)) >= TIME(8,30,0), IF(ISNUMBER(C8), C8, IFERROR(TIMEVALUE(C8), 0)) <= TIME(8,50,0), (IF(ISNUMBER(D8), D8, IFERROR(TIMEVALUE(D8), 0)) - IF(ISNUMBER(C8), C8, IFERROR(TIMEVALUE(C8), 0))) >= TIME(8,0,0) ), "On Time", "Late" ) ) ) ) -> Absent | I8: 480
A9: Sheet 9 | B9: 2026-01-12 | C9: 8:10 AM | D9: - | E9: =IF(OR(C9="Absent",D9="Absent",C9="",D9=""),"", (D9-C9)*1440) -> #VALUE! | F9: =IF(OR(C9="",C9="Absent"),"", MAX(0,(C9 - TIME(8,50,0))*1440)) -> 0 | G9: =IF(C9="","", MAX(0,480 - E9)) -> #VALUE! | H9: =IF(OR(TRIM(C9)="Absent", TRIM(C9)="ABSENT"), "Absent", IF(OR(TRIM(C9)="", TRIM(C9)="-", TRIM(D9)="", TRIM(D9)="-"), "Missing", IF( IF(ISNUMBER(C9), C9, IFERROR(TIMEVALUE(C9), 0)) < TIME(8,30,0), "Early", IF( AND( IF(ISNUMBER(C9), C9, IFERROR(TIMEVALUE(C9), 0)) >= TIME(8,30,0), IF(ISNUMBER(C9), C9, IFERROR(TIMEVALUE(C9), 0)) <= TIME(8,50,0), (IF(ISNUMBER(D9), D9, IFERROR(TIMEVALUE(D9), 0)) - IF(ISNUMBER(C9), C9, IFERROR(TIMEVALUE(C9), 0))) >= TIME(8,0,0) ), "On Time", "Late" ) ) ) ) -> Missing | I9: 480
A10: Sheet 9 | B10: 2026-01-13 | C10: Absent | D10: - | E10: =IF(OR(C10="Absent",D10="Absent",C10="",D10=""),"", (D10-C10)*1440) | F10: =IF(OR(C10="",C10="Absent"),"", MAX(0,(C10 - TIME(8,50,0))*1440)) | G10: =IF(C10="","", MAX(0,480 - E10)) -> #VALUE! | H10: =IF(OR(TRIM(C10)="Absent", TRIM(C10)="ABSENT"), "Absent", IF(OR(TRIM(C10)="", TRIM(C10)="-", TRIM(D10)="", TRIM(D10)="-"), "Missing", IF( IF(ISNUMBER(C10), C10, IFERROR(TIMEVALUE(C10), 0)) < TIME(8,30,0), "Early", IF( AND( IF(ISNUMBER(C10), C10, IFERROR(TIMEVALUE(C10), 0)) >= TIME(8,30,0), IF(ISNUMBER(C10), C10, IFERROR(TIMEVALUE(C10), 0)) <= TIME(8,50,0), (IF(ISNUMBER(D10), D10, IFERROR(TIMEVALUE(D10), 0)) - IF(ISNUMBER(C10), C10, IFERROR(TIMEVALUE(C10), 0))) >= TIME(8,0,0) ), "On Time", "Late" ) ) ) ) -> Absent | I10: 480
A11: Sheet 9 | B11: 2026-01-14 | C11: Absent | D11: - | E11: =IF(OR(C11="Absent",D11="Absent",C11="",D11=""),"", (D11-C11)*1440) | F11: =IF(OR(C11="",C11="Absent"),"", MAX(0,(C11 - TIME(8,50,0))*1440)) | G11: =IF(C11="","", MAX(0,480 - E11)) -> #VALUE! | H11: =IF(OR(TRIM(C11)="Absent", TRIM(C11)="ABSENT"), "Absent", IF(OR(TRIM(C11)="", TRIM(C11)="-", TRIM(D11)="", TRIM(D11)="-"), "Missing", IF( IF(ISNUMBER(C11), C11, IFERROR(TIMEVALUE(C11), 0)) < TIME(8,30,0), "Early", IF( AND( IF(ISNUMBER(C11), C11, IFERROR(TIMEVALUE(C11), 0)) >= TIME(8,30,0), IF(ISNUMBER(C11), C11, IFERROR(TIMEVALUE(C11), 0)) <= TIME(8,50,0), (IF(ISNUMBER(D11), D11, IFERROR(TIMEVALUE(D11), 0)) - IF(ISNUMBER(C11), C11, IFERROR(TIMEVALUE(C11), 0))) >= TIME(8,0,0) ), "On Time", "Late" ) ) ) ) -> Absent | I11: 480
A12: Sheet 9 | B12: 2026-01-15 | C12: Absent | D12: - | E12: =IF(OR(C12="Absent",D12="Absent",C12="",D12=""),"", (D12-C12)*1440) | F12: =IF(OR(C12="",C12="Absent"),"", MAX(0,(C12 - TIME(8,50,0))*1440)) | G12: =IF(C12="","", MAX(0,480 - E12)) -> #VALUE! | H12: =IF(OR(TRIM(C12)="Absent", TRIM(C12)="ABSENT"), "Absent", IF(OR(TRIM(C12)="", TRIM(C12)="-", TRIM(D12)="", TRIM(D12)="-"), "Missing", IF( IF(ISNUMBER(C12), C12, IFERROR(TIMEVALUE(C12), 0)) < TIME(8,30,0), "Early", IF( AND( IF(ISNUMBER(C12), C12, IFERROR(TIMEVALUE(C12), 0)) >= TIME(8,30,0), IF(ISNUMBER(C12), C12, IFERROR(TIMEVALUE(C12), 0)) <= TIME(8,50,0), (IF(ISNUMBER(D12), D12, IFERROR(TIMEVALUE(D12), 0)) - IF(ISNUMBER(C12), C12, IFERROR(TIMEVALUE(C12), 0))) >= TIME(8,0,0) ), "On Time", "Late" ) ) ) ) -> Absent | I12: 480
A13: Sheet 9 | B13: 2026-01-16 | C13: Absent | D13: - | E13: =IF(OR(C13="Absent",D13="Absent",C13="",D13=""),"", (D13-C13)*1440) | F13: =IF(OR(C13="",C13="Absent"),"", MAX(0,(C13 - TIME(8,50,0))*1440)) | G13: =IF(C13="","", MAX(0,480 - E13)) -> #VALUE! | H13: =IF(OR(TRIM(C13)="Absent", TRIM(C13)="ABSENT"), "Absent", IF(OR(TRIM(C13)="", TRIM(C13)="-", TRIM(D13)="", TRIM(D13)="-"), "Missing", IF( IF(ISNUMBER(C13), C13, IFERROR(TIMEVALUE(C13), 0)) < TIME(8,30,0), "Early", IF( AND( IF(ISNUMBER(C13), C13, IFERROR(TIMEVALUE(C13), 0)) >= TIME(8,30,0), IF(ISNUMBER(C13), C13, IFERROR(TIMEVALUE(C13), 0)) <= TIME(8,50,0), (IF(ISNUMBER(D13), D13, IFERROR(TIMEVALUE(D13), 0)) - IF(ISNUMBER(C13), C13, IFERROR(TIMEVALUE(C13), 0))) >= TIME(8,0,0) ), "On Time", "Late" ) ) ) ) -> Absent | I13: 480
... A23: Sheet 9 | B23: 2026-01-30 | C23: 8:14 AM | D23: 6:29 PM | E23: =IF(OR(C23="Absent",D23="Absent",C23="",D23=""),"", (D23-C23)*1440) -> 615 | F23: =IF(OR(C23="",C23="Absent"),"", MAX(0,(C23 - TIME(8,50,0))*1440)) -> 0 | G23: =IF(C23="","", MAX(0,480 - E23)) -> 0 | H23: =IF(OR(TRIM(C23)="Absent", TRIM(C23)="ABSENT"), "Absent", IF(OR(TRIM(C23)="", TRIM(C23)="-", TRIM(D23)="", TRIM(D23)="-"), "Missing", IF( IF(ISNUMBER(C23), C23, IFERROR(TIMEVALUE(C23), 0)) < TIME(8,30,0), "Early", IF( AND( IF(ISNUMBER(C23), C23, IFERROR(TIMEVALUE(C23), 0)) >= TIME(8,30,0), IF(ISNUMBER(C23), C23, IFERROR(TIMEVALUE(C23), 0)) <= TIME(8,50,0), (IF(ISNUMBER(D23), D23, IFERROR(TIMEVALUE(D23), 0)) - IF(ISNUMBER(C23), C23, IFERROR(TIMEVALUE(C23), 0))) >= TIME(8,0,0) ), "On Time", "Late" ) ) ) ) -> Early | I23: 480

Sheet Sheet 8
A1: Name | B1: Date | C1: Time In | D1: Time Out | E1: Worked Minutes | F1: Late Minutes | G1: Less Than 8 Hours | H1: Status | I1: Target time | J1: Comments
A2: Sheet 8 | B2: 2026-01-01 | C2: 8:33 AM | D2: 5:52 PM | E2: =IF(OR(C2="Absent",D2="Absent",C2="",D2=""),"", (D2-C2)*1440) -> 559 | F2: =IF(OR(C2="",C2="Absent"),"", MAX(0,(C2 - TIME(8,50,0))*1440)) -> 0 | G2: =IF(C2="","", MAX(0,480 - E2)) -> 0 | H2: =IF(OR(TRIM(C2)="Absent", TRIM(C2)="ABSENT"), "Absent", IF(OR(TRIM(C2)="", TRIM(C2)="-", TRIM(D2)="", TRIM(D2)="-"), "Missing", IF( IF(ISNUMBER(C2), C2, IFERROR(TIMEVALUE(C2), 0)) < TIME(8,30,0), "Early", IF( AND( IF(ISNUMBER(C2), C2, IFERROR(TIMEVALUE(C2), 0)) >= TIME(8,30,0), IF(ISNUMBER(C2), C2, IFERROR(TIMEVALUE(C2), 0)) <= TIME(8,50,0), (IF(ISNUMBER(D2), D2, IFERROR(TIMEVALUE(D2), 0)) - IF(ISNUMBER(C2), C2, IFERROR(TIMEVALUE(C2), 0))) >= TIME(8,0,0) ), "On Time", "Late" ) ) ) ) -> On Time | I2: 480
A3: Sheet 8 | B3: 2026-01-02 | C3: 8:30 AM | D3: 4:53 PM | E3: =IF(OR(C3="Absent",D3="Absent",C3="",D3=""),"", (D3-C3)*1440) -> 503 | F3: =IF(OR(C3="",C3="Absent"),"", MAX(0,(C3 - TIME(8,50,0))*1440)) -> 0 | G3: =IF(C3="","", MAX(0,480 - E3)) -> 0 | H3: =IF(OR(TRIM(C3)="Absent", TRIM(C3)="ABSENT"), "Absent", IF(OR(TRIM(C3)="", TRIM(C3)="-", TRIM(D3)="", TRIM(D3)="-"), "Missing", IF( IF(ISNUMBER(C3), C3, IFERROR(TIMEVALUE(C3), 0)) < TIME(8,30,0), "Early", IF( AND( IF(ISNUMBER(C3), C3, IFERROR(TIMEVALUE(C3), 0)) >= TIME(8,30,0), IF(ISNUMBER(C3), C3, IFERROR(TIMEVALUE(C3), 0)) <= TIME(8,50,0), (IF(ISNUMBER(D3), D3, IFERROR(TIMEVALUE(D3), 0)) - IF(ISNUMBER(C3), C3, IFERROR(TIMEVALUE(C3), 0))) >= TIME(8,0,0) ), "On Time", "Late" ) ) ) ) -> On Time | I3: 480
A4: Sheet 8 | B4: 2026-01-05 | C4: 8:28 AM | D4: 7:11 PM | E4: =IF(OR(C4="Absent",D4="Absent",C4="",D4=""),"", (D4-C4)*1440) -> 643 | F4: =IF(OR(C4="",C4="Absent"),"", MAX(0,(C4 - TIME(8,50,0))*1440)) -> 0 | G4: =IF(C4="","", MAX(0,480 - E4)) -> 0 | H4: =IF(OR(TRIM(C4)="Absent", TRIM(C4)="ABSENT"), "Absent", IF(OR(TRIM(C4)="", TRIM(C4)="-", TRIM(D4)="", TRIM(D4)="-"), "Missing", IF( IF(ISNUMBER(C4), C4, IFERROR(TIMEVALUE(C4), 0)) < TIME(8,30,0), "Early", IF( AND( IF(ISNUMBER(C4), C4, IFERROR(TIMEVALUE(C4), 0)) >= TIME(8,30,0), IF(ISNUMBER(C4), C4, IFERROR(TIMEVALUE(C4), 0)) <= TIME(8,50,0), (IF(ISNUMBER(D4), D4, IFERROR(TIMEVALUE(D4), 0)) - IF(ISNUMBER(C4), C4, IFERROR(TIMEVALUE(C4), 0))) >= TIME(8,0,0) ), "On Time", "Late" ) ) ) ) -> Early | I4: 480
A5: Sheet 8 | B5: 2026-01-06 | C5: 8:39 AM | D5: 5:34 PM | E5: =IF(OR(C5="Absent",D5="Absent",C5="",D5=""),"", (D5-C5)*1440) -> 535 | F5: =IF(OR(C5="",C5="Absent"),"", MAX(0,(C5 - TIME(8,50,0))*1440)) -> 0 | G5: =IF(C5="","", MAX(0,480 - E5)) -> 0 | H5: =IF(OR(TRIM(C5)="Absent", TRIM(C5)="ABSENT"), "Absent", IF(OR(TRIM(C5)="", TRIM(C5)="-", TRIM(D5)="", TRIM(D5)="-"), "Missing", IF( IF(ISNUMBER(C5), C5, IFERROR(TIMEVALUE(C5), 0)) < TIME(8,30,0), "Early", IF( AND( IF(ISNUMBER(C5), C5, IFERROR(TIMEVALUE(C5), 0)) >= TIME(8,30,0), IF(ISNUMBER(C5), C5, IFERROR(TIMEVALUE(C5), 0)) <= TIME(8,50,0), (IF(ISNUMBER(D5), D5, IFERROR(TIMEVALUE(D5), 0)) - IF(ISNUMBER(C5), C5, IFERROR(TIMEVALUE(C5), 0))) >= TIME(8,0,0) ), "On Time", "Late" ) ) ) ) -> On Time | I5: 480
A6: Sheet 8 | B6: 2026-01-07 | C6: 8:28 AM | D6: 5:37 PM | E6: =IF(OR(C6="Absent",D6="Absent",C6="",D6=""),"", (D6-C6)*1440) -> 549 | F6: =IF(OR(C6="",C6="Absent"),"", MAX(0,(C6 - TIME(8,50,0))*1440)) -> 0 | G6: =IF(C6="","", MAX(0,480 - E6)) -> 0 | H6: =IF(OR(TRIM(C6)="Absent", TRIM(C6)="ABSENT"), "Absent", IF(OR(TRIM(C6)="", TRIM(C6)="-", TRIM(D6)="", TRIM(D6)="-"), "Missing", IF( IF(ISNUMBER(C6), C6, IFERROR(TIMEVALUE(C6), 0)) < TIME(8,30,0), "Early", IF( AND( IF(ISNUMBER(C6), C6, IFERROR(TIMEVALUE(C6), 0)) >= TIME(8,30,0), IF(ISNUMBER(C6), C6, IFERROR(TIMEVALUE(C6), 0)) <= TIME(8,50,0), (IF(ISNUMBER(D6), D6, IFERROR(TIMEVALUE(D6), 0)) - IF(ISNUMBER(C6), C6, IFERROR(TIMEVALUE(C6), 0))) >= TIME(8,0,0) ), "On Time", "Late" ) ) ) ) -> Early | I6: 480
A7: Sheet 8 | B7: 2026-01-08 | C7: 8:29 AM | D7: 5:38 PM | E7: =IF(OR(C7="Absent",D7="Absent",C7="",D7=""),"", (D7-C7)*1440) -> 549 | F7: =IF(OR(C7="",C7="Absent"),"", MAX(0,(C7 - TIME(8,50,0))*1440)) -> 0 | G7: =IF(C7="","", MAX(0,480 - E7)) -> 0 | H7: =IF(OR(TRIM(C7)="Absent", TRIM(C7)="ABSENT"), "Absent", IF(OR(TRIM(C7)="", TRIM(C7)="-", TRIM(D7)="", TRIM(D7)="-"), "Missing", IF( IF(ISNUMBER(C7), C7, IFERROR(TIMEVALUE(C7), 0)) < TIME(8,30,0), "Early", IF( AND( IF(ISNUMBER(C7), C7, IFERROR(TIMEVALUE(C7), 0)) >= TIME(8,30,0), IF(ISNUMBER(C7), C7, IFERROR(TIMEVALUE(C7), 0)) <= TIME(8,50,0), (IF(ISNUMBER(D7), D7, IFERROR(TIMEVALUE(D7), 0)) - IF(ISNUMBER(C7), C7, IFERROR(TIMEVALUE(C7), 0))) >= TIME(8,0,0) ), "On Time", "Late" ) ) ) ) -> Early | I7: 480
A8: Sheet 8 | B8: 2026-01-09 | C8: 8:33 AM | D8: 6:53 PM | E8: =IF(OR(C8="Absent",D8="Absent",C8="",D8=""),"", (D8-C8)*1440) -> 620 | F8: =IF(OR(C8="",C8="Absent"),"", MAX(0,(C8 - TIME(8,50,0))*1440)) -> 0 | G8: =IF(C8="","", MAX(0,480 - E8)) -> 0 | H8: =IF(OR(TRIM(C8)="Absent", TRIM(C8)="ABSENT"), "Absent", IF(OR(TRIM(C8)="", TRIM(C8)="-", TRIM(D8)="", TRIM(D8)="-"), "Missing", IF( IF(ISNUMBER(C8), C8, IFERROR(TIMEVALUE(C8), 0)) < TIME(8,30,0), "Early", IF( AND( IF(ISNUMBER(C8), C8, IFERROR(TIMEVALUE(C8), 0)) >= TIME(8,30,0), IF(ISNUMBER(C8), C8, IFERROR(TIMEVALUE(C8), 0)) <= TIME(8,50,0), (IF(ISNUMBER(D8), D8, IFERROR(TIMEVALUE(D8), 0)) - IF(ISNUMBER(C8), C8, IFERROR(TIMEVALUE(C8), 0))) >= TIME(8,0,0) ), "On Time", "Late" ) ) ) ) -> On Time | I8: 480
A9: Sheet 8 | B9: 2026-01-12 | C9: 8:35 AM | D9: 5:34 PM | E9: =IF(OR(C9="Absent",D9="Absent",C9="",D9=""),"", (D9-C9)*1440) -> 539 | F9: =IF(OR(C9="",C9="Absent"),"", MAX(0,(C9 - TIME(8,50,0))*1440)) -> 0 | G9: =IF(C9="","", MAX(0,480 - E9)) -> 0 | H9: =IF(OR(TRIM(C9)="Absent", TRIM(C9)="ABSENT"), "Absent", IF(OR(TRIM(C9)="", TRIM(C9)="-", TRIM(D9)="", TRIM(D9)="-"), "Missing", IF( IF(ISNUMBER(C9), C9, IFERROR(TIMEVALUE(C9), 0)) < TIME(8,30,0), "Early", IF( AND( IF(ISNUMBER(C9), C9, IFERROR(TIMEVALUE(C9), 0)) >= TIME(8,30,0), IF(ISNUMBER(C9), C9, IFERROR(TIMEVALUE(C9), 0)) <= TIME(8,50,0), (IF(ISNUMBER(D9), D9, IFERROR(TIMEVALUE(D9), 0)) - IF(ISNUMBER(C9), C9, IFERROR(TIMEVALUE(C9), 0))) >= TIME(8,0,0) ), "On Time", "Late" ) ) ) ) -> On Time | I9: 480
A10: Sheet 8 | B10: 2026-01-13 | C10: 8:20 AM | D10: 6:07 PM | E10: =IF(OR(C10="Absent",D10="Absent",C10="",D10=""),"", (D10-C10)*1440) -> 587 | F10: =IF(OR(C10="",C10="Absent"),"", MAX(0,(C10 - TIME(8,50,0))*1440)) -> 0 | G10: =IF(C10="","", MAX(0,480 - E10)) -> 0 | H10: =IF(OR(TRIM(C10)="Absent", TRIM(C10)="ABSENT"), "Absent", IF(OR(TRIM(C10)="", TRIM(C10)="-", TRIM(D10)="", TRIM(D10)="-"), "Missing", IF( IF(ISNUMBER(C10), C10, IFERROR(TIMEVALUE(C10), 0)) < TIME(8,30,0), "Early", IF( AND( IF(ISNUMBER(C10), C10, IFERROR(TIMEVALUE(C10), 0)) >= TIME(8,30,0), IF(ISNUMBER(C10), C10, IFERROR(TIMEVALUE(C10), 0)) <= TIME(8,50,0), (IF(ISNUMBER(D10), D10, IFERROR(TIMEVALUE(D10), 0)) - IF(ISNUMBER(C10), C10, IFERROR(TIMEVALUE(C10), 0))) >= TIME(8,0,0) ), "On Time", "Late" ) ) ) ) -> Early | I10: 480
A11: Sheet 8 | B11: 2026-01-14 | C11: 8:29 AM | D11: 4:42 PM | E11: =IF(OR(C11="Absent",D11="Absent",C11="",D11=""),"", (D11-C11)*1440) -> 493 | F11: =IF(OR(C11="",C11="Absent"),"", MAX(0,(C11 - TIME(8,50,0))*1440)) -> 0 | G11: =IF(C11="","", MAX(0,480 - E11)) -> 0 | H11: =IF(OR(TRIM(C11)="Absent", TRIM(C11)="ABSENT"), "Absent", IF(OR(TRIM(C11)="", TRIM(C11)="-", TRIM(D11)="", TRIM(D11)="-"), "Missing", IF( IF(ISNUMBER(C11), C11, IFERROR(TIMEVALUE(C11), 0)) < TIME(8,30,0), "Early", IF( AND( IF(ISNUMBER(C11), C11, IFERROR(TIMEVALUE(C11), 0)) >= TIME(8,30,0), IF(ISNUMBER(C11), C11, IFERROR(TIMEVALUE(C11), 0)) <= TIME(8,50,0), (IF(ISNUMBER(D11), D11, IFERROR(TIMEVALUE(D11), 0)) - IF(ISNUMBER(C11), C11, IFERROR(TIMEVALUE(C11), 0))) >= TIME(8,0,0) ), "On Time", "Late" ) ) ) ) -> Early | I11: 480
A12: Sheet 8 | B12: 2026-01-15 | C12: 8:34 AM | D12: 6:06 PM | E12: =IF(OR(C12="Absent",D12="Absent",C12="",D12=""),"", (D12-C12)*1440) -> 572 | F12: =IF(OR(C12="",C12="Absent"),"", MAX(0,(C12 - TIME(8,50,0))*1440)) -> 0 | G12: =IF(C12="","", MAX(0,480 - E12)) -> 0 | H12: =IF(OR(TRIM(C12)="Absent", TRIM(C12)="ABSENT"), "Absent", IF(OR(TRIM(C12)="", TRIM(C12)="-", TRIM(D12)="", TRIM(D12)="-"), "Missing", IF( IF(ISNUMBER(C12), C12, IFERROR(TIMEVALUE(C12), 0)) < TIME(8,30,0), "Early", IF( AND( IF(ISNUMBER(C12), C12, IFERROR(TIMEVALUE(C12), 0)) >= TIME(8,30,0), IF(ISNUMBER(C12), C12, IFERROR(TIMEVALUE(C12), 0)) <= TIME(8,50,0), (IF(ISNUMBER(D12), D12, IFERROR(TIMEVALUE(D12), 0)) - IF(ISNUMBER(C12), C12, IFERROR(TIMEVALUE(C12), 0))) >= TIME(8,0,0) ), "On Time", "Late" ) ) ) ) -> On Time | I12: 480
A13: Sheet 8 | B13: 2026-01-16 | C13: 8:37 AM | D13: 4:56 PM | E13: =IF(OR(C13="Absent",D13="Absent",C13="",D13=""),"", (D13-C13)*1440) -> 499 | F13: =IF(OR(C13="",C13="Absent"),"", MAX(0,(C13 - TIME(8,50,0))*1440)) -> 0 | G13: =IF(C13="","", MAX(0,480 - E13)) -> 0 | H13: =IF(OR(TRIM(C13)="Absent", TRIM(C13)="ABSENT"), "Absent", IF(OR(TRIM(C13)="", TRIM(C13)="-", TRIM(D13)="", TRIM(D13)="-"), "Missing", IF( IF(ISNUMBER(C13), C13, IFERROR(TIMEVALUE(C13), 0)) < TIME(8,30,0), "Early", IF( AND( IF(ISNUMBER(C13), C13, IFERROR(TIMEVALUE(C13), 0)) >= TIME(8,30,0), IF(ISNUMBER(C13), C13, IFERROR(TIMEVALUE(C13), 0)) <= TIME(8,50,0), (IF(ISNUMBER(D13), D13, IFERROR(TIMEVALUE(D13), 0)) - IF(ISNUMBER(C13), C13, IFERROR(TIMEVALUE(C13), 0))) >= TIME(8,0,0) ), "On Time", "Late" ) ) ) ) -> On Time | I13: 480
... A23: Sheet 8 | B23: 2026-01-30 | C23: 8:43 AM | D23: 5:18 PM | E23: =IF(OR(C23="Absent",D23="Absent",C23="",D23=""),"", (D23-C23)*1440) -> 515 | F23: =IF(OR(C23="",C23="Absent"),"", MAX(0,(C23 - TIME(8,50,0))*1440)) -> 0 | G23: =IF(C23="","", MAX(0,480 - E23)) -> 0 | H23: =IF(OR(TRIM(C23)="Absent", TRIM(C23)="ABSENT"), "Absent", IF(OR(TRIM(C23)="", TRIM(C23)="-", TRIM(D23)="", TRIM(D23)="-"), "Missing", IF( IF(ISNUMBER(C23), C23, IFERROR(TIMEVALUE(C23), 0)) < TIME(8,30,0), "Early", IF( AND( IF(ISNUMBER(C23), C23, IFERROR(TIMEVALUE(C23), 0)) >= TIME(8,30,0), IF(ISNUMBER(C23), C23, IFERROR(TIMEVALUE(C23), 0)) <= TIME(8,50,0), (IF(ISNUMBER(D23), D23, IFERROR(TIMEVALUE(D23), 0)) - IF(ISNUMBER(C23), C23, IFERROR(TIMEVALUE(C23), 0))) >= TIME(8,0,0) ), "On Time", "Late" ) ) ) ) -> On Time | I23: 480

Sheet Sheet 7
A1: Name | B1: Date | C1: Time In | D1: Time Out | E1: Worked Minutes | F1: Late Minutes | G1: Less Than 8 Hours | H1: Status | I1: Target time | J1: Comments
A2: Sheet 7 | B2: 2026-01-01 | C2: 9:16 AM | D2: 5:40 PM | E2: =IF(OR(C2="Absent",D2="Absent",C2="",D2=""),"", (D2-C2)*1440) -> 504 | F2: =IF(OR(C2="",C2="Absent"),"", MAX(0,(C2 - TIME(8,50,0))*1440)) -> 26 | G2: =IF(C2="","", MAX(0,480 - E2)) -> 0 | H2: =IF(OR(TRIM(C2)="Absent", TRIM(C2)="ABSENT"), "Absent", IF(OR(TRIM(C2)="", TRIM(C2)="-", TRIM(D2)="", TRIM(D2)="-"), "Missing", IF( IF(ISNUMBER(C2), C2, IFERROR(TIMEVALUE(C2), 0)) < TIME(8,30,0), "Early", IF( AND( IF(ISNUMBER(C2), C2, IFERROR(TIMEVALUE(C2), 0)) >= TIME(8,30,0), IF(ISNUMBER(C2), C2, IFERROR(TIMEVALUE(C2), 0)) <= TIME(8,50,0), (IF(ISNUMBER(D2), D2, IFERROR(TIMEVALUE(D2), 0)) - IF(ISNUMBER(C2), C2, IFERROR(TIMEVALUE(C2), 0))) >= TIME(8,0,0) ), "On Time", "Late" ) ) ) ) -> Late | I2: 480
A3: Sheet 7 | B3: 2026-01-02 | C3: 8:40 AM | D3: 5:41 PM | E3: =IF(OR(C3="Absent",D3="Absent",C3="",D3=""),"", (D3-C3)*1440) -> 541 | F3: =IF(OR(C3="",C3="Absent"),"", MAX(0,(C3 - TIME(8,50,0))*1440)) -> 0 | G3: =IF(C3="","", MAX(0,480 - E3)) -> 0 | H3: =IF(OR(TRIM(C3)="Absent", TRIM(C3)="ABSENT"), "Absent", IF(OR(TRIM(C3)="", TRIM(C3)="-", TRIM(D3)="", TRIM(D3)="-"), "Missing", IF( IF(ISNUMBER(C3), C3, IFERROR(TIMEVALUE(C3), 0)) < TIME(8,30,0), "Early", IF( AND( IF(ISNUMBER(C3), C3, IFERROR(TIMEVALUE(C3), 0)) >= TIME(8,30,0), IF(ISNUMBER(C3), C3, IFERROR(TIMEVALUE(C3), 0)) <= TIME(8,50,0), (IF(ISNUMBER(D3), D3, IFERROR(TIMEVALUE(D3), 0)) - IF(ISNUMBER(C3), C3, IFERROR(TIMEVALUE(C3), 0))) >= TIME(8,0,0) ), "On Time", "Late" ) ) ) ) -> On Time | I3: 480
A4: Sheet 7 | B4: 2026-01-05 | C4: 8:51 AM | D4: - | E4: =IF(OR(C4="Absent",D4="Absent",C4="",D4=""),"", (D4-C4)*1440) -> #VALUE! | F4: =IF(OR(C4="",C4="Absent"),"", MAX(0,(C4 - TIME(8,50,0))*1440)) -> 1 | G4: =IF(C4="","", MAX(0,480 - E4)) -> #VALUE! | H4: =IF(OR(TRIM(C4)="Absent", TRIM(C4)="ABSENT"), "Absent", IF(OR(TRIM(C4)="", TRIM(C4)="-", TRIM(D4)="", TRIM(D4)="-"), "Missing", IF( IF(ISNUMBER(C4), C4, IFERROR(TIMEVALUE(C4), 0)) < TIME(8,30,0), "Early", IF( AND( IF(ISNUMBER(C4), C4, IFERROR(TIMEVALUE(C4), 0)) >= TIME(8,30,0), IF(ISNUMBER(C4), C4, IFERROR(TIMEVALUE(C4), 0)) <= TIME(8,50,0), (IF(ISNUMBER(D4), D4, IFERROR(TIMEVALUE(D4), 0)) - IF(ISNUMBER(C4), C4, IFERROR(TIMEVALUE(C4), 0))) >= TIME(8,0,0) ), "On Time", "Late" ) ) ) ) -> Missing | I4: 480
A5: Sheet 7 | B5: 2026-01-06 | C5: 8:34 AM | D5: 5:50 PM | E5: =IF(OR(C5="Absent",D5="Absent",C5="",D5=""),"", (D5-C5)*1440) -> 556 | F5: =IF(OR(C5="",C5="Absent"),"", MAX(0,(C5 - TIME(8,50,0))*1440)) -> 0 | G5: =IF(C5="","", MAX(0,480 - E5)) -> 0 | H5: =IF(OR(TRIM(C5)="Absent", TRIM(C5)="ABSENT"), "Absent", IF(OR(TRIM(C5)="", TRIM(C5)="-", TRIM(D5)="", TRIM(D5)="-"), "Missing", IF( IF(ISNUMBER(C5), C5, IFERROR(TIMEVALUE(C5), 0)) < TIME(8,30,0), "Early", IF( AND( IF(ISNUMBER(C5), C5, IFERROR(TIMEVALUE(C5), 0)) >= TIME(8,30,0), IF(ISNUMBER(C5), C5, IFERROR(TIMEVALUE(C5), 0)) <= TIME(8,50,0), (IF(ISNUMBER(D5), D5, IFERROR(TIMEVALUE(D5), 0)) - IF(ISNUMBER(C5), C5, IFERROR(TIMEVALUE(C5), 0))) >= TIME(8,0,0) ), "On Time", "Late" ) ) ) ) -> On Time | I5: 480
A6: Sheet 7 | B6: 2026-01-07 | C6: 8:11 AM | D6: 5:46 PM | E6: =IF(OR(C6="Absent",D6="Absent",C6="",D6=""),"", (D6-C6)*1440) -> 575 | F6: =IF(OR(C6="",C6="Absent"),"", MAX(0,(C6 - TIME(8,50,0))*1440)) -> 0 | G6: =IF(C6="","", MAX(0,480 - E6)) -> 0 | H6: =IF(OR(TRIM(C6)="Absent", TRIM(C6)="ABSENT"), "Absent", IF(OR(TRIM(C6)="", TRIM(C6)="-", TRIM(D6)="", TRIM(D6)="-"), "Missing", IF( IF(ISNUMBER(C6), C6, IFERROR(TIMEVALUE(C6), 0)) < TIME(8,30,0), "Early", IF( AND( IF(ISNUMBER(C6), C6, IFERROR(TIMEVALUE(C6), 0)) >= TIME(8,30,0), IF(ISNUMBER(C6), C6, IFERROR(TIMEVALUE(C6), 0)) <= TIME(8,50,0), (IF(ISNUMBER(D6), D6, IFERROR(TIMEVALUE(D6), 0)) - IF(ISNUMBER(C6), C6, IFERROR(TIMEVALUE(C6), 0))) >= TIME(8,0,0) ), "On Time", "Late" ) ) ) ) -> Early | I6: 480
A7: Sheet 7 | B7: 2026-01-08 | C7: 8:26 AM | D7: 5:33 PM | E7: =IF(OR(C7="Absent",D7="Absent",C7="",D7=""),"", (D7-C7)*1440) -> 547 | F7: =IF(OR(C7="",C7="Absent"),"", MAX(0,(C7 - TIME(8,50,0))*1440)) -> 0 | G7: =IF(C7="","", MAX(0,480 - E7)) -> 0 | H7: =IF(OR(TRIM(C7)="Absent", TRIM(C7)="ABSENT"), "Absent", IF(OR(TRIM(C7)="", TRIM(C7)="-", TRIM(D7)="", TRIM(D7)="-"), "Missing", IF( IF(ISNUMBER(C7), C7, IFERROR(TIMEVALUE(C7), 0)) < TIME(8,30,0), "Early", IF( AND( IF(ISNUMBER(C7), C7, IFERROR(TIMEVALUE(C7), 0)) >= TIME(8,30,0), IF(ISNUMBER(C7), C7, IFERROR(TIMEVALUE(C7), 0)) <= TIME(8,50,0), (IF(ISNUMBER(D7), D7, IFERROR(TIMEVALUE(D7), 0)) - IF(ISNUMBER(C7), C7, IFERROR(TIMEVALUE(C7), 0))) >= TIME(8,0,0) ), "On Time", "Late" ) ) ) ) -> Early | I7: 480
A8: Sheet 7 | B8: 2026-01-09 | C8: 8:15 AM | D8: 5:50 PM | E8: =IF(OR(C8="Absent",D8="Absent",C8="",D8=""),"", (D8-C8)*1440) -> 575 | F8: =IF(OR(C8="",C8="Absent"),"", MAX(0,(C8 - TIME(8,50,0))*1440)) -> 0 | G8: =IF(C8="","", MAX(0,480 - E8)) -> 0 | H8: =IF(OR(TRIM(C8)="Absent", TRIM(C8)="ABSENT"), "Absent", IF(OR(TRIM(C8)="", TRIM(C8)="-", TRIM(D8)="", TRIM(D8)="-"), "Missing", IF( IF(ISNUMBER(C8), C8, IFERROR(TIMEVALUE(C8), 0)) < TIME(8,30,0), "Early", IF( AND( IF(ISNUMBER(C8), C8, IFERROR(TIMEVALUE(C8), 0)) >= TIME(8,30,0), IF(ISNUMBER(C8), C8, IFERROR(TIMEVALUE(C8), 0)) <= TIME(8,50,0), (IF(ISNUMBER(D8), D8, IFERROR(TIMEVALUE(D8), 0)) - IF(ISNUMBER(C8), C8, IFERROR(TIMEVALUE(C8), 0))) >= TIME(8,0,0) ), "On Time", "Late" ) ) ) ) -> Early | I8: 480
A9: Sheet 7 | B9: 2026-01-12 | C9: 8:30 AM | D9: 5:55 PM | E9: =IF(OR(C9="Absent",D9="Absent",C9="",D9=""),"", (D9-C9)*1440) -> 565 | F9: =IF(OR(C9="",C9="Absent"),"", MAX(0,(C9 - TIME(8,50,0))*1440)) -> 0 | G9: =IF(C9="","", MAX(0,480 - E9)) -> 0 | H9: =IF(OR(TRIM(C9)="Absent", TRIM(C9)="ABSENT"), "Absent", IF(OR(TRIM(C9)="", TRIM(C9)="-", TRIM(D9)="", TRIM(D9)="-"), "Missing", IF( IF(ISNUMBER(C9), C9, IFERROR(TIMEVALUE(C9), 0)) < TIME(8,30,0), "Early", IF( AND( IF(ISNUMBER(C9), C9, IFERROR(TIMEVALUE(C9), 0)) >= TIME(8,30,0), IF(ISNUMBER(C9), C9, IFERROR(TIMEVALUE(C9), 0)) <= TIME(8,50,0), (IF(ISNUMBER(D9), D9, IFERROR(TIMEVALUE(D9), 0)) - IF(ISNUMBER(C9), C9, IFERROR(TIMEVALUE(C9), 0))) >= TIME(8,0,0) ), "On Time", "Late" ) ) ) ) -> On Time | I9: 480
A10: Sheet 7 | B10: 2026-01-13 | C10: 8:37 AM | D10: 5:13 PM | E10: =IF(OR(C10="Absent",D10="Absent",C10="",D10=""),"", (D10-C10)*1440) -> 516 | F10: =IF(OR(C10="",C10="Absent"),"", MAX(0,(C10 - TIME(8,50,0))*1440)) -> 0 | G10: =IF(C10="","", MAX(0,480 - E10)) -> 0 | H10: =IF(OR(TRIM(C10)="Absent", TRIM(C10)="ABSENT"), "Absent", IF(OR(TRIM(C10)="", TRIM(C10)="-", TRIM(D10)="", TRIM(D10)="-"), "Missing", IF( IF(ISNUMBER(C10), C10, IFERROR(TIMEVALUE(C10), 0)) < TIME(8,30,0), "Early", IF( AND( IF(ISNUMBER(C10), C10, IFERROR(TIMEVALUE(C10), 0)) >= TIME(8,30,0), IF(ISNUMBER(C10), C10, IFERROR(TIMEVALUE(C10), 0)) <= TIME(8,50,0), (IF(ISNUMBER(D10), D10, IFERROR(TIMEVALUE(D10), 0)) - IF(ISNUMBER(C10), C10, IFERROR(TIMEVALUE(C10), 0))) >= TIME(8,0,0) ), "On Time", "Late" ) ) ) ) -> On Time | I10: 480
A11: Sheet 7 | B11: 2026-01-14 | C11: 8:21 AM | D11: 5:42 PM | E11: =IF(OR(C11="Absent",D11="Absent",C11="",D11=""),"", (D11-C11)*1440) -> 561 | F11: =IF(OR(C11="",C11="Absent"),"", MAX(0,(C11 - TIME(8,50,0))*1440)) -> 0 | G11: =IF(C11="","", MAX(0,480 - E11)) -> 0 | H11: =IF(OR(TRIM(C11)="Absent", TRIM(C11)="ABSENT"), "Absent", IF(OR(TRIM(C11)="", TRIM(C11)="-", TRIM(D11)="", TRIM(D11)="-"), "Missing", IF( IF(ISNUMBER(C11), C11, IFERROR(TIMEVALUE(C11), 0)) < TIME(8,30,0), "Early", IF( AND( IF(ISNUMBER(C11), C11, IFERROR(TIMEVALUE(C11), 0)) >= TIME(8,30,0), IF(ISNUMBER(C11), C11, IFERROR(TIMEVALUE(C11), 0)) <= TIME(8,50,0), (IF(ISNUMBER(D11), D11, IFERROR(TIMEVALUE(D11), 0)) - IF(ISNUMBER(C11), C11, IFERROR(TIMEVALUE(C11), 0))) >= TIME(8,0,0) ), "On Time", "Late" ) ) ) ) -> Early | I11: 480
A12: Sheet 7 | B12: 2026-01-15 | C12: 8:42 AM | D12: 6:32 PM | E12: =IF(OR(C12="Absent",D12="Absent",C12="",D12=""),"", (D12-C12)*1440) -> 590 | F12: =IF(OR(C12="",C12="Absent"),"", MAX(0,(C12 - TIME(8,50,0))*1440)) -> 0 | G12: =IF(C12="","", MAX(0,480 - E12)) -> 0 | H12: =IF(OR(TRIM(C12)="Absent", TRIM(C12)="ABSENT"), "Absent", IF(OR(TRIM(C12)="", TRIM(C12)="-", TRIM(D12)="", TRIM(D12)="-"), "Missing", IF( IF(ISNUMBER(C12), C12, IFERROR(TIMEVALUE(C12), 0)) < TIME(8,30,0), "Early", IF( AND( IF(ISNUMBER(C12), C12, IFERROR(TIMEVALUE(C12), 0)) >= TIME(8,30,0), IF(ISNUMBER(C12), C12, IFERROR(TIMEVALUE(C12), 0)) <= TIME(8,50,0), (IF(ISNUMBER(D12), D12, IFERROR(TIMEVALUE(D12), 0)) - IF(ISNUMBER(C12), C12, IFERROR(TIMEVALUE(C12), 0))) >= TIME(8,0,0) ), "On Time", "Late" ) ) ) ) -> On Time | I12: 480
A13: Sheet 7 | B13: 2026-01-16 | C13: 8:15 AM | D13: 5:43 PM | E13: =IF(OR(C13="Absent",D13="Absent",C13="",D13=""),"", (D13-C13)*1440) -> 568 | F13: =IF(OR(C13="",C13="Absent"),"", MAX(0,(C13 - TIME(8,50,0))*1440)) -> 0 | G13: =IF(C13="","", MAX(0,480 - E13)) -> 0 | H13: =IF(OR(TRIM(C13)="Absent", TRIM(C13)="ABSENT"), "Absent", IF(OR(TRIM(C13)="", TRIM(C13)="-", TRIM(D13)="", TRIM(D13)="-"), "Missing", IF( IF(ISNUMBER(C13), C13, IFERROR(TIMEVALUE(C13), 0)) < TIME(8,30,0), "Early", IF( AND( IF(ISNUMBER(C13), C13, IFERROR(TIMEVALUE(C13), 0)) >= TIME(8,30,0), IF(ISNUMBER(C13), C13, IFERROR(TIMEVALUE(C13), 0)) <= TIME(8,50,0), (IF(ISNUMBER(D13), D13, IFERROR(TIMEVALUE(D13), 0)) - IF(ISNUMBER(C13), C13, IFERROR(TIMEVALUE(C13), 0))) >= TIME(8,0,0) ), "On Time", "Late" ) ) ) ) -> Early | I13: 480
... A23: Sheet 7 | B23: 2026-01-30 | C23: 8:56 AM | D23: 5:22 PM | E23: =IF(OR(C23="Absent",D23="Absent",C23="",D23=""),"", (D23-C23)*1440) -> 506 | F23: =IF(OR(C23="",C23="Absent"),"", MAX(0,(C23 - TIME(8,50,0))*1440)) -> 6 | G23: =IF(C23="","", MAX(0,480 - E23)) -> 0 | H23: =IF(OR(TRIM(C23)="Absent", TRIM(C23)="ABSENT"), "Absent", IF(OR(TRIM(C23)="", TRIM(C23)="-", TRIM(D23)="", TRIM(D23)="-"), "Missing", IF( IF(ISNUMBER(C23), C23, IFERROR(TIMEVALUE(C23), 0)) < TIME(8,30,0), "Early", IF( AND( IF(ISNUMBER(C23), C23, IFERROR(TIMEVALUE(C23), 0)) >= TIME(8,30,0), IF(ISNUMBER(C23), C23, IFERROR(TIMEVALUE(C23), 0)) <= TIME(8,50,0), (IF(ISNUMBER(D23), D23, IFERROR(TIMEVALUE(D23), 0)) - IF(ISNUMBER(C23), C23, IFERROR(TIMEVALUE(C23), 0))) >= TIME(8,0,0) ), "On Time", "Late" ) ) ) ) -> Late | I23: 480

Sheet Sheet 6
A1: Name | B1: Date | C1: Time In | D1: Time Out | E1: Worked Minutes | F1: Late Minutes | G1: Less Than 8 Hours | H1: Status | I1: Target time | J1: Comments
A2: Sheet 6 | B2: 2026-01-01 | C2: 9:14 AM | D2: 5:52 PM | E2: =IF(OR(C2="Absent",D2="Absent",C2="",D2=""),"", (D2-C2)*1440) -> 518 | F2: =IF(OR(C2="",C2="Absent"),"", MAX(0,(C2 - TIME(8,50,0))*1440)) -> 24 | G2: =IF(C2="","", MAX(0,480 - E2)) -> 0 | H2: =IF(OR(TRIM(C2)="Absent", TRIM(C2)="ABSENT"), "Absent", IF(OR(TRIM(C2)="", TRIM(C2)="-", TRIM(D2)="", TRIM(D2)="-"), "Missing", IF( IF(ISNUMBER(C2), C2, IFERROR(TIMEVALUE(C2), 0)) < TIME(8,30,0), "Early", IF( AND( IF(ISNUMBER(C2), C2, IFERROR(TIMEVALUE(C2), 0)) >= TIME(8,30,0), IF(ISNUMBER(C2), C2, IFERROR(TIMEVALUE(C2), 0)) <= TIME(8,50,0), (IF(ISNUMBER(D2), D2, IFERROR(TIMEVALUE(D2), 0)) - IF(ISNUMBER(C2), C2, IFERROR(TIMEVALUE(C2), 0))) >= TIME(8,0,0) ), "On Time", "Late" ) ) ) ) -> Late | I2: 480
A3: Sheet 6 | B3: 2026-01-02 | C3: Absent | D3: - | E3: =IF(OR(C3="Absent",D3="Absent",C3="",D3=""),"", (D3-C3)*1440) | F3: =IF(OR(C3="",C3="Absent"),"", MAX(0,(C3 - TIME(8,50,0))*1440)) | G3: =IF(C3="","", MAX(0,480 - E3)) -> #VALUE! | H3: =IF(OR(TRIM(C3)="Absent", TRIM(C3)="ABSENT"), "Absent", IF(OR(TRIM(C3)="", TRIM(C3)="-", TRIM(D3)="", TRIM(D3)="-"), "Missing", IF( IF(ISNUMBER(C3), C3, IFERROR(TIMEVALUE(C3), 0)) < TIME(8,30,0), "Early", IF( AND( IF(ISNUMBER(C3), C3, IFERROR(TIMEVALUE(C3), 0)) >= TIME(8,30,0), IF(ISNUMBER(C3), C3, IFERROR(TIMEVALUE(C3), 0)) <= TIME(8,50,0), (IF(ISNUMBER(D3), D3, IFERROR(TIMEVALUE(D3), 0)) - IF(ISNUMBER(C3), C3, IFERROR(TIMEVALUE(C3), 0))) >= TIME(8,0,0) ), "On Time", "Late" ) ) ) ) -> Absent | I3: 480
A4: Sheet 6 | B4: 2026-01-05 | C4: 9:24 AM | D4: 5:28 PM | E4: =IF(OR(C4="Absent",D4="Absent",C4="",D4=""),"", (D4-C4)*1440) -> 484 | F4: =IF(OR(C4="",C4="Absent"),"", MAX(0,(C4 - TIME(8,50,0))*1440)) -> 34 | G4: =IF(C4="","", MAX(0,480 - E4)) -> 0 | H4: =IF(OR(TRIM(C4)="Absent", TRIM(C4)="ABSENT"), "Absent", IF(OR(TRIM(C4)="", TRIM(C4)="-", TRIM(D4)="", TRIM(D4)="-"), "Missing", IF( IF(ISNUMBER(C4), C4, IFERROR(TIMEVALUE(C4), 0)) < TIME(8,30,0), "Early", IF( AND( IF(ISNUMBER(C4), C4, IFERROR(TIMEVALUE(C4), 0)) >= TIME(8,30,0), IF(ISNUMBER(C4), C4, IFERROR(TIMEVALUE(C4), 0)) <= TIME(8,50,0), (IF(ISNUMBER(D4), D4, IFERROR(TIMEVALUE(D4), 0)) - IF(ISNUMBER(C4), C4, IFERROR(TIMEVALUE(C4), 0))) >= TIME(8,0,0) ), "On Time", "Late" ) ) ) ) -> Late | I4: 480
A5: Sheet 6 | B5: 2026-01-06 | C5: 9:45 AM | D5: 5:52 PM | E5: =IF(OR(C5="Absent",D5="Absent",C5="",D5=""),"", (D5-C5)*1440) -> 487 | F5: =IF(OR(C5="",C5="Absent"),"", MAX(0,(C5 - TIME(8,50,0))*1440)) -> 55 | G5: =IF(C5="","", MAX(0,480 - E5)) -> 0 | H5: =IF(OR(TRIM(C5)="Absent", TRIM(C5)="ABSENT"), "Absent", IF(OR(TRIM(C5)="", TRIM(C5)="-", TRIM(D5)="", TRIM(D5)="-"), "Missing", IF( IF(ISNUMBER(C5), C5, IFERROR(TIMEVALUE(C5), 0)) < TIME(8,30,0), "Early", IF( AND( IF(ISNUMBER(C5), C5, IFERROR(TIMEVALUE(C5), 0)) >= TIME(8,30,0), IF(ISNUMBER(C5), C5, IFERROR(TIMEVALUE(C5), 0)) <= TIME(8,50,0), (IF(ISNUMBER(D5), D5, IFERROR(TIMEVALUE(D5), 0)) - IF(ISNUMBER(C5), C5, IFERROR(TIMEVALUE(C5), 0))) >= TIME(8,0,0) ), "On Time", "Late" ) ) ) ) -> Late | I5: 480
A6: Sheet 6 | B6: 2026-01-07 | C6: 9:18 AM | D6: 5:48 PM | E6: =IF(OR(C6="Absent",D6="Absent",C6="",D6=""),"", (D6-C6)*1440) -> 510 | F6: =IF(OR(C6="",C6="Absent"),"", MAX(0,(C6 - TIME(8,50,0))*1440)) -> 28 | G6: =IF(C6="","", MAX(0,480 - E6)) -> 0 | H6: =IF(OR(TRIM(C6)="Absent", TRIM(C6)="ABSENT"), "Absent", IF(OR(TRIM(C6)="", TRIM(C6)="-", TRIM(D6)="", TRIM(D6)="-"), "Missing", IF( IF(ISNUMBER(C6), C6, IFERROR(TIMEVALUE(C6), 0)) < TIME(8,30,0), "Early", IF( AND( IF(ISNUMBER(C6), C6, IFERROR(TIMEVALUE(C6), 0)) >= TIME(8,30,0), IF(ISNUMBER(C6), C6, IFERROR(TIMEVALUE(C6), 0)) <= TIME(8,50,0), (IF(ISNUMBER(D6), D6, IFERROR(TIMEVALUE(D6), 0)) - IF(ISNUMBER(C6), C6, IFERROR(TIMEVALUE(C6), 0))) >= TIME(8,0,0) ), "On Time", "Late" ) ) ) ) -> Late | I6: 480
A7: Sheet 6 | B7: 2026-01-08 | C7: 9:15 AM | D7: 5:34 PM | E7: =IF(OR(C7="Absent",D7="Absent",C7="",D7=""),"", (D7-C7)*1440) -> 499 | F7: =IF(OR(C7="",C7="Absent"),"", MAX(0,(C7 - TIME(8,50,0))*1440)) -> 25 | G7: =IF(C7="","", MAX(0,480 - E7)) -> 0 | H7: =IF(OR(TRIM(C7)="Absent", TRIM(C7)="ABSENT"), "Absent", IF(OR(TRIM(C7)="", TRIM(C7)="-", TRIM(D7)="", TRIM(D7)="-"), "Missing", IF( IF(ISNUMBER(C7), C7, IFERROR(TIMEVALUE(C7), 0)) < TIME(8,30,0), "Early", IF( AND( IF(ISNUMBER(C7), C7, IFERROR(TIMEVALUE(C7), 0)) >= TIME(8,30,0), IF(ISNUMBER(C7), C7, IFERROR(TIMEVALUE(C7), 0)) <= TIME(8,50,0), (IF(ISNUMBER(D7), D7, IFERROR(TIMEVALUE(D7), 0)) - IF(ISNUMBER(C7), C7, IFERROR(TIMEVALUE(C7), 0))) >= TIME(8,0,0) ), "On Time", "Late" ) ) ) ) -> Late | I7: 480
A8: Sheet 6 | B8: 2026-01-09 | C8: 10:15 AM | D8: 6:18 PM | E8: =IF(OR(C8="Absent",D8="Absent",C8="",D8=""),"", (D8-C8)*1440) -> 483 | F8: =IF(OR(C8="",C8="Absent"),"", MAX(0,(C8 - TIME(8,50,0))*1440)) -> 85 | G8: =IF(C8="","", MAX(0,480 - E8)) -> 0 | H8: =IF(OR(TRIM(C8)="Absent", TRIM(C8)="ABSENT"), "Absent", IF(OR(TRIM(C8)="", TRIM(C8)="-", TRIM(D8)="", TRIM(D8)="-"), "Missing", IF( IF(ISNUMBER(C8), C8, IFERROR(TIMEVALUE(C8), 0)) < TIME(8,30,0), "Early", IF( AND( IF(ISNUMBER(C8), C8, IFERROR(TIMEVALUE(C8), 0)) >= TIME(8,30,0), IF(ISNUMBER(C8), C8, IFERROR(TIMEVALUE(C8), 0)) <= TIME(8,50,0), (IF(ISNUMBER(D8), D8, IFERROR(TIMEVALUE(D8), 0)) - IF(ISNUMBER(C8), C8, IFERROR(TIMEVALUE(C8), 0))) >= TIME(8,0,0) ), "On Time", "Late" ) ) ) ) -> Late | I8: 480
A9: Sheet 6 | B9: 2026-01-12 | C9: 9:26 AM | D9: 5:39 PM | E9: =IF(OR(C9="Absent",D9="Absent",C9="",D9=""),"", (D9-C9)*1440) -> 493 | F9: =IF(OR(C9="",C9="Absent"),"", MAX(0,(C9 - TIME(8,50,0))*1440)) -> 36 | G9: =IF(C9="","", MAX(0,480 - E9)) -> 0 | H9: =IF(OR(TRIM(C9)="Absent", TRIM(C9)="ABSENT"), "Absent", IF(OR(TRIM(C9)="", TRIM(C9)="-", TRIM(D9)="", TRIM(D9)="-"), "Missing", IF( IF(ISNUMBER(C9), C9, IFERROR(TIMEVALUE(C9), 0)) < TIME(8,30,0), "Early", IF( AND( IF(ISNUMBER(C9), C9, IFERROR(TIMEVALUE(C9), 0)) >= TIME(8,30,0), IF(ISNUMBER(C9), C9, IFERROR(TIMEVALUE(C9), 0)) <= TIME(8,50,0), (IF(ISNUMBER(D9), D9, IFERROR(TIMEVALUE(D9), 0)) - IF(ISNUMBER(C9), C9, IFERROR(TIMEVALUE(C9), 0))) >= TIME(8,0,0) ), "On Time", "Late" ) ) ) ) -> Late | I9: 480
A10: Sheet 6 | B10: 2026-01-13 | C10: 9:19 AM | D10: 6:14 PM | E10: =IF(OR(C10="Absent",D10="Absent",C10="",D10=""),"", (D10-C10)*1440) -> 535 | F10: =IF(OR(C10="",C10="Absent"),"", MAX(0,(C10 - TIME(8,50,0))*1440)) -> 29 | G10: =IF(C10="","", MAX(0,480 - E10)) -> 0 | H10: =IF(OR(TRIM(C10)="Absent", TRIM(C10)="ABSENT"), "Absent", IF(OR(TRIM(C10)="", TRIM(C10)="-", TRIM(D10)="", TRIM(D10)="-"), "Missing", IF( IF(ISNUMBER(C10), C10, IFERROR(TIMEVALUE(C10), 0)) < TIME(8,30,0), "Early", IF( AND( IF(ISNUMBER(C10), C10, IFERROR(TIMEVALUE(C10), 0)) >= TIME(8,30,0), IF(ISNUMBER(C10), C10, IFERROR(TIMEVALUE(C10), 0)) <= TIME(8,50,0), (IF(ISNUMBER(D10), D10, IFERROR(TIMEVALUE(D10), 0)) - IF(ISNUMBER(C10), C10, IFERROR(TIMEVALUE(C10), 0))) >= TIME(8,0,0) ), "On Time", "Late" ) ) ) ) -> Late | I10: 480
A11: Sheet 6 | B11: 2026-01-14 | C11: 10:01 AM | D11: 10:01 AM | E11: =IF(OR(C11="Absent",D11="Absent",C11="",D11=""),"", (D11-C11)*1440) -> 0 | F11: =IF(OR(C11="",C11="Absent"),"", MAX(0,(C11 - TIME(8,50,0))*1440)) -> 71 | G11: =IF(C11="","", MAX(0,480 - E11)) -> 480 | H11: =IF(OR(TRIM(C11)="Absent", TRIM(C11)="ABSENT"), "Absent", IF(OR(TRIM(C11)="", TRIM(C11)="-", TRIM(D11)="", TRIM(D11)="-"), "Missing", IF( IF(ISNUMBER(C11), C11, IFERROR(TIMEVALUE(C11), 0)) < TIME(8,30,0), "Early", IF( AND( IF(ISNUMBER(C11), C11, IFERROR(TIMEVALUE(C11), 0)) >= TIME(8,30,0), IF(ISNUMBER(C11), C11, IFERROR(TIMEVALUE(C11), 0)) <= TIME(8,50,0), (IF(ISNUMBER(D11), D11, IFERROR(TIMEVALUE(D11), 0)) - IF(ISNUMBER(C11), C11, IFERROR(TIMEVALUE(C11), 0))) >= TIME(8,0,0) ), "On Time", "Late" ) ) ) ) -> Late | I11: 480
A12: Sheet 6 | B12: 2026-01-15 | C12: Absent | D12: - | E12: =IF(OR(C12="Absent",D12="Absent",C12="",D12=""),"", (D12-C12)*1440) | F12: =IF(OR(C12="",C12="Absent"),"", MAX(0,(C12 - TIME(8,50,0))*1440)) | G12: =IF(C12="","", MAX(0,480 - E12)) -> #VALUE! | H12: =IF(OR(TRIM(C12)="Absent", TRIM(C12)="ABSENT"), "Absent", IF(OR(TRIM(C12)="", TRIM(C12)="-", TRIM(D12)="", TRIM(D12)="-"), "Missing", IF( IF(ISNUMBER(C12), C12, IFERROR(TIMEVALUE(C12), 0)) < TIME(8,30,0), "Early", IF( AND( IF(ISNUMBER(C12), C12, IFERROR(TIMEVALUE(C12), 0)) >= TIME(8,30,0), IF(ISNUMBER(C12), C12, IFERROR(TIMEVALUE(C12), 0)) <= TIME(8,50,0), (IF(ISNUMBER(D12), D12, IFERROR(TIMEVALUE(D12), 0)) - IF(ISNUMBER(C12), C12, IFERROR(TIMEVALUE(C12), 0))) >= TIME(8,0,0) ), "On Time", "Late" ) ) ) ) -> Absent | I12: 480
A13: Sheet 6 | B13: 2026-01-16 | C13: Absent | D13: - | E13: =IF(OR(C13="Absent",D13="Absent",C13="",D13=""),"", (D13-C13)*1440) | F13: =IF(OR(C13="",C13="Absent"),"", MAX(0,(C13 - TIME(8,50,0))*1440)) | G13: =IF(C13="","", MAX(0,480 - E13)) -> #VALUE! | H13: =IF(OR(TRIM(C13)="Absent", TRIM(C13)="ABSENT"), "Absent", IF(OR(TRIM(C13)="", TRIM(C13)="-", TRIM(D13)="", TRIM(D13)="-"), "Missing", IF( IF(ISNUMBER(C13), C13, IFERROR(TIMEVALUE(C13), 0)) < TIME(8,30,0), "Early", IF( AND( IF(ISNUMBER(C13), C13, IFERROR(TIMEVALUE(C13), 0)) >= TIME(8,30,0), IF(ISNUMBER(C13), C13, IFERROR(TIMEVALUE(C13), 0)) <= TIME(8,50,0), (IF(ISNUMBER(D13), D13, IFERROR(TIMEVALUE(D13), 0)) - IF(ISNUMBER(C13), C13, IFERROR(TIMEVALUE(C13), 0))) >= TIME(8,0,0) ), "On Time", "Late" ) ) ) ) -> Absent | I13: 480
... A23: Sheet 6 | B23: 2026-01-30 | C23: Absent | D23: - | E23: =IF(OR(C23="Absent",D23="Absent",C23="",D23=""),"", (D23-C23)*1440) | F23: =IF(OR(C23="",C23="Absent"),"", MAX(0,(C23 - TIME(8,50,0))*1440)) | G23: =IF(C23="","", MAX(0,480 - E23)) -> #VALUE! | H23: =IF(OR(TRIM(C23)="Absent", TRIM(C23)="ABSENT"), "Absent", IF(OR(TRIM(C23)="", TRIM(C23)="-", TRIM(D23)="", TRIM(D23)="-"), "Missing", IF( IF(ISNUMBER(C23), C23, IFERROR(TIMEVALUE(C23), 0)) < TIME(8,30,0), "Early", IF( AND( IF(ISNUMBER(C23), C23, IFERROR(TIMEVALUE(C23), 0)) >= TIME(8,30,0), IF(ISNUMBER(C23), C23, IFERROR(TIMEVALUE(C23), 0)) <= TIME(8,50,0), (IF(ISNUMBER(D23), D23, IFERROR(TIMEVALUE(D23), 0)) - IF(ISNUMBER(C23), C23, IFERROR(TIMEVALUE(C23), 0))) >= TIME(8,0,0) ), "On Time", "Late" ) ) ) ) -> Absent | I23: 480

Sheet Sheet 5
A1: Name | B1: Date | C1: Time In | D1: Time Out | E1: Worked Minutes | F1: Late Minutes | G1: Less Than 8 Hours | H1: Status | I1: Target time | J1: Comments
A2: Sheet 5 | B2: 2026-01-01 | C2: 8:37 AM | D2: 4:56 PM | E2: =IF(OR(C2="Absent",D2="Absent",C2="",D2=""),"", (D2-C2)*1440) -> 499 | F2: =IF(OR(C2="",C2="Absent"),"", MAX(0,(C2 - TIME(8,50,0))*1440)) -> 0 | G2: =IF(C2="","", MAX(0,480 - E2)) -> 0 | H2: =IF(OR(TRIM(C2)="Absent", TRIM(C2)="ABSENT"), "Absent", IF(OR(TRIM(C2)="", TRIM(C2)="-", TRIM(D2)="", TRIM(D2)="-"), "Missing", IF( IF(ISNUMBER(C2), C2, IFERROR(TIMEVALUE(C2), 0)) < TIME(8,30,0), "Early", IF( AND( IF(ISNUMBER(C2), C2, IFERROR(TIMEVALUE(C2), 0)) >= TIME(8,30,0), IF(ISNUMBER(C2), C2, IFERROR(TIMEVALUE(C2), 0)) <= TIME(8,50,0), (IF(ISNUMBER(D2), D2, IFERROR(TIMEVALUE(D2), 0)) - IF(ISNUMBER(C2), C2, IFERROR(TIMEVALUE(C2), 0))) >= TIME(8,0,0) ), "On Time", "Late" ) ) ) ) -> On Time | I2: 480
A3: Sheet 5 | B3: 2026-01-02 | C3: 8:52 AM | D3: - | E3: =IF(OR(C3="Absent",D3="Absent",C3="",D3=""),"", (D3-C3)*1440) -> #VALUE! | F3: =IF(OR(C3="",C3="Absent"),"", MAX(0,(C3 - TIME(8,50,0))*1440)) -> 2 | G3: =IF(C3="","", MAX(0,480 - E3)) -> #VALUE! | H3: =IF(OR(TRIM(C3)="Absent", TRIM(C3)="ABSENT"), "Absent", IF(OR(TRIM(C3)="", TRIM(C3)="-", TRIM(D3)="", TRIM(D3)="-"), "Missing", IF( IF(ISNUMBER(C3), C3, IFERROR(TIMEVALUE(C3), 0)) < TIME(8,30,0), "Early", IF( AND( IF(ISNUMBER(C3), C3, IFERROR(TIMEVALUE(C3), 0)) >= TIME(8,30,0), IF(ISNUMBER(C3), C3, IFERROR(TIMEVALUE(C3), 0)) <= TIME(8,50,0), (IF(ISNUMBER(D3), D3, IFERROR(TIMEVALUE(D3), 0)) - IF(ISNUMBER(C3), C3, IFERROR(TIMEVALUE(C3), 0))) >= TIME(8,0,0) ), "On Time", "Late" ) ) ) ) -> Missing | I3: 480
A4: Sheet 5 | B4: 2026-01-05 | C4: 8:44 AM | D4: 5:41 PM | E4: =IF(OR(C4="Absent",D4="Absent",C4="",D4=""),"", (D4-C4)*1440) -> 537 | F4: =IF(OR(C4="",C4="Absent"),"", MAX(0,(C4 - TIME(8,50,0))*1440)) -> 0 | G4: =IF(C4="","", MAX(0,480 - E4)) -> 0 | H4: =IF(OR(TRIM(C4)="Absent", TRIM(C4)="ABSENT"), "Absent", IF(OR(TRIM(C4)="", TRIM(C4)="-", TRIM(D4)="", TRIM(D4)="-"), "Missing", IF( IF(ISNUMBER(C4), C4, IFERROR(TIMEVALUE(C4), 0)) < TIME(8,30,0), "Early", IF( AND( IF(ISNUMBER(C4), C4, IFERROR(TIMEVALUE(C4), 0)) >= TIME(8,30,0), IF(ISNUMBER(C4), C4, IFERROR(TIMEVALUE(C4), 0)) <= TIME(8,50,0), (IF(ISNUMBER(D4), D4, IFERROR(TIMEVALUE(D4), 0)) - IF(ISNUMBER(C4), C4, IFERROR(TIMEVALUE(C4), 0))) >= TIME(8,0,0) ), "On Time", "Late" ) ) ) ) -> On Time | I4: 480
A5: Sheet 5 | B5: 2026-01-06 | C5: 8:36 AM | D5: 5:31 PM | E5: =IF(OR(C5="Absent",D5="Absent",C5="",D5=""),"", (D5-C5)*1440) -> 535 | F5: =IF(OR(C5="",C5="Absent"),"", MAX(0,(C5 - TIME(8,50,0))*1440)) -> 0 | G5: =IF(C5="","", MAX(0,480 - E5)) -> 0 | H5: =IF(OR(TRIM(C5)="Absent", TRIM(C5)="ABSENT"), "Absent", IF(OR(TRIM(C5)="", TRIM(C5)="-", TRIM(D5)="", TRIM(D5)="-"), "Missing", IF( IF(ISNUMBER(C5), C5, IFERROR(TIMEVALUE(C5), 0)) < TIME(8,30,0), "Early", IF( AND( IF(ISNUMBER(C5), C5, IFERROR(TIMEVALUE(C5), 0)) >= TIME(8,30,0), IF(ISNUMBER(C5), C5, IFERROR(TIMEVALUE(C5), 0)) <= TIME(8,50,0), (IF(ISNUMBER(D5), D5, IFERROR(TIMEVALUE(D5), 0)) - IF(ISNUMBER(C5), C5, IFERROR(TIMEVALUE(C5), 0))) >= TIME(8,0,0) ), "On Time", "Late" ) ) ) ) -> On Time | I5: 480
A6: Sheet 5 | B6: 2026-01-07 | C6: 8:32 AM | D6: 5:30 PM | E6: =IF(OR(C6="Absent",D6="Absent",C6="",D6=""),"", (D6-C6)*1440) -> 538 | F6: =IF(OR(C6="",C6="Absent"),"", MAX(0,(C6 - TIME(8,50,0))*1440)) -> 0 | G6: =IF(C6="","", MAX(0,480 - E6)) -> 0 | H6: =IF(OR(TRIM(C6)="Absent", TRIM(C6)="ABSENT"), "Absent", IF(OR(TRIM(C6)="", TRIM(C6)="-", TRIM(D6)="", TRIM(D6)="-"), "Missing", IF( IF(ISNUMBER(C6), C6, IFERROR(TIMEVALUE(C6), 0)) < TIME(8,30,0), "Early", IF( AND( IF(ISNUMBER(C6), C6, IFERROR(TIMEVALUE(C6), 0)) >= TIME(8,30,0), IF(ISNUMBER(C6), C6, IFERROR(TIMEVALUE(C6), 0)) <= TIME(8,50,0), (IF(ISNUMBER(D6), D6, IFERROR(TIMEVALUE(D6), 0)) - IF(ISNUMBER(C6), C6, IFERROR(TIMEVALUE(C6), 0))) >= TIME(8,0,0) ), "On Time", "Late" ) ) ) ) -> On Time | I6: 480
A7: Sheet 5 | B7: 2026-01-08 | C7: 8:33 AM | D7: 5:09 PM | E7: =IF(OR(C7="Absent",D7="Absent",C7="",D7=""),"", (D7-C7)*1440) -> 516 | F7: =IF(OR(C7="",C7="Absent"),"", MAX(0,(C7 - TIME(8,50,0))*1440)) -> 0 | G7: =IF(C7="","", MAX(0,480 - E7)) -> 0 | H7: =IF(OR(TRIM(C7)="Absent", TRIM(C7)="ABSENT"), "Absent", IF(OR(TRIM(C7)="", TRIM(C7)="-", TRIM(D7)="", TRIM(D7)="-"), "Missing", IF( IF(ISNUMBER(C7), C7, IFERROR(TIMEVALUE(C7), 0)) < TIME(8,30,0), "Early", IF( AND( IF(ISNUMBER(C7), C7, IFERROR(TIMEVALUE(C7), 0)) >= TIME(8,30,0), IF(ISNUMBER(C7), C7, IFERROR(TIMEVALUE(C7), 0)) <= TIME(8,50,0), (IF(ISNUMBER(D7), D7, IFERROR(TIMEVALUE(D7), 0)) - IF(ISNUMBER(C7), C7, IFERROR(TIMEVALUE(C7), 0))) >= TIME(8,0,0) ), "On Time", "Late" ) ) ) ) -> On Time | I7: 480
A8: Sheet 5 | B8: 2026-01-09 | C8: 9:00 AM | D8: 5:18 PM | E8: =IF(OR(C8="Absent",D8="Absent",C8="",D8=""),"", (D8-C8)*1440) -> 498 | F8: =IF(OR(C8="",C8="Absent"),"", MAX(0,(C8 - TIME(8,50,0))*1440)) -> 10 | G8: =IF(C8="","", MAX(0,480 - E8)) -> 0 | H8: =IF(OR(TRIM(C8)="Absent", TRIM(C8)="ABSENT"), "Absent", IF(OR(TRIM(C8)="", TRIM(C8)="-", TRIM(D8)="", TRIM(D8)="-"), "Missing", IF( IF(ISNUMBER(C8), C8, IFERROR(TIMEVALUE(C8), 0)) < TIME(8,30,0), "Early", IF( AND( IF(ISNUMBER(C8), C8, IFERROR(TIMEVALUE(C8), 0)) >= TIME(8,30,0), IF(ISNUMBER(C8), C8, IFERROR(TIMEVALUE(C8), 0)) <= TIME(8,50,0), (IF(ISNUMBER(D8), D8, IFERROR(TIMEVALUE(D8), 0)) - IF(ISNUMBER(C8), C8, IFERROR(TIMEVALUE(C8), 0))) >= TIME(8,0,0) ), "On Time", "Late" ) ) ) ) -> Late | I8: 480
A9: Sheet 5 | B9: 2026-01-12 | C9: 8:32 AM | D9: 4:46 PM | E9: =IF(OR(C9="Absent",D9="Absent",C9="",D9=""),"", (D9-C9)*1440) -> 494 | F9: =IF(OR(C9="",C9="Absent"),"", MAX(0,(C9 - TIME(8,50,0))*1440)) -> 0 | G9: =IF(C9="","", MAX(0,480 - E9)) -> 0 | H9: =IF(OR(TRIM(C9)="Absent", TRIM(C9)="ABSENT"), "Absent", IF(OR(TRIM(C9)="", TRIM(C9)="-", TRIM(D9)="", TRIM(D9)="-"), "Missing", IF( IF(ISNUMBER(C9), C9, IFERROR(TIMEVALUE(C9), 0)) < TIME(8,30,0), "Early", IF( AND( IF(ISNUMBER(C9), C9, IFERROR(TIMEVALUE(C9), 0)) >= TIME(8,30,0), IF(ISNUMBER(C9), C9, IFERROR(TIMEVALUE(C9), 0)) <= TIME(8,50,0), (IF(ISNUMBER(D9), D9, IFERROR(TIMEVALUE(D9), 0)) - IF(ISNUMBER(C9), C9, IFERROR(TIMEVALUE(C9), 0))) >= TIME(8,0,0) ), "On Time", "Late" ) ) ) ) -> On Time | I9: 480
A10: Sheet 5 | B10: 2026-01-13 | C10: 8:26 AM | D10: 5:22 PM | E10: =IF(OR(C10="Absent",D10="Absent",C10="",D10=""),"", (D10-C10)*1440) -> 536 | F10: =IF(OR(C10="",C10="Absent"),"", MAX(0,(C10 - TIME(8,50,0))*1440)) -> 0 | G10: =IF(C10="","", MAX(0,480 - E10)) -> 0 | H10: =IF(OR(TRIM(C10)="Absent", TRIM(C10)="ABSENT"), "Absent", IF(OR(TRIM(C10)="", TRIM(C10)="-", TRIM(D10)="", TRIM(D10)="-"), "Missing", IF( IF(ISNUMBER(C10), C10, IFERROR(TIMEVALUE(C10), 0)) < TIME(8,30,0), "Early", IF( AND( IF(ISNUMBER(C10), C10, IFERROR(TIMEVALUE(C10), 0)) >= TIME(8,30,0), IF(ISNUMBER(C10), C10, IFERROR(TIMEVALUE(C10), 0)) <= TIME(8,50,0), (IF(ISNUMBER(D10), D10, IFERROR(TIMEVALUE(D10), 0)) - IF(ISNUMBER(C10), C10, IFERROR(TIMEVALUE(C10), 0))) >= TIME(8,0,0) ), "On Time", "Late" ) ) ) ) -> Early | I10: 480
A11: Sheet 5 | B11: 2026-01-14 | C11: 8:33 AM | D11: 5:55 PM | E11: =IF(OR(C11="Absent",D11="Absent",C11="",D11=""),"", (D11-C11)*1440) -> 562 | F11: =IF(OR(C11="",C11="Absent"),"", MAX(0,(C11 - TIME(8,50,0))*1440)) -> 0 | G11: =IF(C11="","", MAX(0,480 - E11)) -> 0 | H11: =IF(OR(TRIM(C11)="Absent", TRIM(C11)="ABSENT"), "Absent", IF(OR(TRIM(C11)="", TRIM(C11)="-", TRIM(D11)="", TRIM(D11)="-"), "Missing", IF( IF(ISNUMBER(C11), C11, IFERROR(TIMEVALUE(C11), 0)) < TIME(8,30,0), "Early", IF( AND( IF(ISNUMBER(C11), C11, IFERROR(TIMEVALUE(C11), 0)) >= TIME(8,30,0), IF(ISNUMBER(C11), C11, IFERROR(TIMEVALUE(C11), 0)) <= TIME(8,50,0), (IF(ISNUMBER(D11), D11, IFERROR(TIMEVALUE(D11), 0)) - IF(ISNUMBER(C11), C11, IFERROR(TIMEVALUE(C11), 0))) >= TIME(8,0,0) ), "On Time", "Late" ) ) ) ) -> On Time | I11: 480
A12: Sheet 5 | B12: 2026-01-15 | C12: 8:45 AM | D12: 5:11 PM | E12: =IF(OR(C12="Absent",D12="Absent",C12="",D12=""),"", (D12-C12)*1440) -> 506 | F12: =IF(OR(C12="",C12="Absent"),"", MAX(0,(C12 - TIME(8,50,0))*1440)) -> 0 | G12: =IF(C12="","", MAX(0,480 - E12)) -> 0 | H12: =IF(OR(TRIM(C12)="Absent", TRIM(C12)="ABSENT"), "Absent", IF(OR(TRIM(C12)="", TRIM(C12)="-", TRIM(D12)="", TRIM(D12)="-"), "Missing", IF( IF(ISNUMBER(C12), C12, IFERROR(TIMEVALUE(C12), 0)) < TIME(8,30,0), "Early", IF( AND( IF(ISNUMBER(C12), C12, IFERROR(TIMEVALUE(C12), 0)) >= TIME(8,30,0), IF(ISNUMBER(C12), C12, IFERROR(TIMEVALUE(C12), 0)) <= TIME(8,50,0), (IF(ISNUMBER(D12), D12, IFERROR(TIMEVALUE(D12), 0)) - IF(ISNUMBER(C12), C12, IFERROR(TIMEVALUE(C12), 0))) >= TIME(8,0,0) ), "On Time", "Late" ) ) ) ) -> On Time | I12: 480
A13: Sheet 5 | B13: 2026-01-16 | C13: 8:40 AM | D13: 5:10 PM | E13: =IF(OR(C13="Absent",D13="Absent",C13="",D13=""),"", (D13-C13)*1440) -> 510 | F13: =IF(OR(C13="",C13="Absent"),"", MAX(0,(C13 - TIME(8,50,0))*1440)) -> 0 | G13: =IF(C13="","", MAX(0,480 - E13)) -> 0 | H13: =IF(OR(TRIM(C13)="Absent", TRIM(C13)="ABSENT"), "Absent", IF(OR(TRIM(C13)="", TRIM(C13)="-", TRIM(D13)="", TRIM(D13)="-"), "Missing", IF( IF(ISNUMBER(C13), C13, IFERROR(TIMEVALUE(C13), 0)) < TIME(8,30,0), "Early", IF( AND( IF(ISNUMBER(C13), C13, IFERROR(TIMEVALUE(C13), 0)) >= TIME(8,30,0), IF(ISNUMBER(C13), C13, IFERROR(TIMEVALUE(C13), 0)) <= TIME(8,50,0), (IF(ISNUMBER(D13), D13, IFERROR(TIMEVALUE(D13), 0)) - IF(ISNUMBER(C13), C13, IFERROR(TIMEVALUE(C13), 0))) >= TIME(8,0,0) ), "On Time", "Late" ) ) ) ) -> On Time | I13: 480
... A23: Sheet 5 | B23: 2026-01-30 | C23: 8:22 AM | D23: 4:15 PM | E23: =IF(OR(C23="Absent",D23="Absent",C23="",D23=""),"", (D23-C23)*1440) -> 473 | F23: =IF(OR(C23="",C23="Absent"),"", MAX(0,(C23 - TIME(8,50,0))*1440)) -> 0 | G23: =IF(C23="","", MAX(0,480 - E23)) -> 7 | H23: =IF(OR(TRIM(C23)="Absent", TRIM(C23)="ABSENT"), "Absent", IF(OR(TRIM(C23)="", TRIM(C23)="-", TRIM(D23)="", TRIM(D23)="-"), "Missing", IF( IF(ISNUMBER(C23), C23, IFERROR(TIMEVALUE(C23), 0)) < TIME(8,30,0), "Early", IF( AND( IF(ISNUMBER(C23), C23, IFERROR(TIMEVALUE(C23), 0)) >= TIME(8,30,0), IF(ISNUMBER(C23), C23, IFERROR(TIMEVALUE(C23), 0)) <= TIME(8,50,0), (IF(ISNUMBER(D23), D23, IFERROR(TIMEVALUE(D23), 0)) - IF(ISNUMBER(C23), C23, IFERROR(TIMEVALUE(C23), 0))) >= TIME(8,0,0) ), "On Time", "Late" ) ) ) ) -> Early | I23: 480

Sheet Sheet 4
A1: Name | B1: Date | C1: Time In | D1: Time Out | E1: Worked Minutes | F1: Late Minutes | G1: Less Than 8 Hours | H1: Status | I1: Target time | J1: Comments
A2: Sheet 4 | B2: 2026-01-01 | C2: 9:08 AM | D2: 5:51 PM | E2: =IF(OR(C2="Absent",D2="Absent",C2="",D2=""),"", (D2-C2)*1440) -> 523 | F2: =IF(OR(C2="",C2="Absent"),"", MAX(0,(C2 - TIME(8,50,0))*1440)) -> 18 | G2: =IF(C2="","", MAX(0,480 - E2)) -> 0 | H2: =IF(OR(TRIM(C2)="Absent", TRIM(C2)="ABSENT"), "Absent", IF(OR(TRIM(C2)="", TRIM(C2)="-", TRIM(D2)="", TRIM(D2)="-"), "Missing", IF( IF(ISNUMBER(C2), C2, IFERROR(TIMEVALUE(C2), 0)) < TIME(8,30,0), "Early", IF( AND( IF(ISNUMBER(C2), C2, IFERROR(TIMEVALUE(C2), 0)) >= TIME(8,30,0), IF(ISNUMBER(C2), C2, IFERROR(TIMEVALUE(C2), 0)) <= TIME(8,50,0), (IF(ISNUMBER(D2), D2, IFERROR(TIMEVALUE(D2), 0)) - IF(ISNUMBER(C2), C2, IFERROR(TIMEVALUE(C2), 0))) >= TIME(8,0,0) ), "On Time", "Late" ) ) ) ) -> Late | I2: 480
A3: Sheet 4 | B3: 2026-01-02 | C3: 9:29 AM | D3: - | E3: =IF(OR(C3="Absent",D3="Absent",C3="",D3=""),"", (D3-C3)*1440) -> #VALUE! | F3: =IF(OR(C3="",C3="Absent"),"", MAX(0,(C3 - TIME(8,50,0))*1440)) -> 39 | G3: =IF(C3="","", MAX(0,480 - E3)) -> #VALUE! | H3: =IF(OR(TRIM(C3)="Absent", TRIM(C3)="ABSENT"), "Absent", IF(OR(TRIM(C3)="", TRIM(C3)="-", TRIM(D3)="", TRIM(D3)="-"), "Missing", IF( IF(ISNUMBER(C3), C3, IFERROR(TIMEVALUE(C3), 0)) < TIME(8,30,0), "Early", IF( AND( IF(ISNUMBER(C3), C3, IFERROR(TIMEVALUE(C3), 0)) >= TIME(8,30,0), IF(ISNUMBER(C3), C3, IFERROR(TIMEVALUE(C3), 0)) <= TIME(8,50,0), (IF(ISNUMBER(D3), D3, IFERROR(TIMEVALUE(D3), 0)) - IF(ISNUMBER(C3), C3, IFERROR(TIMEVALUE(C3), 0))) >= TIME(8,0,0) ), "On Time", "Late" ) ) ) ) -> Missing | I3: 480
A4: Sheet 4 | B4: 2026-01-05 | C4: 9:11 AM | D4: 5:09 PM | E4: =IF(OR(C4="Absent",D4="Absent",C4="",D4=""),"", (D4-C4)*1440) -> 478 | F4: =IF(OR(C4="",C4="Absent"),"", MAX(0,(C4 - TIME(8,50,0))*1440)) -> 21 | G4: =IF(C4="","", MAX(0,480 - E4)) -> 2 | H4: =IF(OR(TRIM(C4)="Absent", TRIM(C4)="ABSENT"), "Absent", IF(OR(TRIM(C4)="", TRIM(C4)="-", TRIM(D4)="", TRIM(D4)="-"), "Missing", IF( IF(ISNUMBER(C4), C4, IFERROR(TIMEVALUE(C4), 0)) < TIME(8,30,0), "Early", IF( AND( IF(ISNUMBER(C4), C4, IFERROR(TIMEVALUE(C4), 0)) >= TIME(8,30,0), IF(ISNUMBER(C4), C4, IFERROR(TIMEVALUE(C4), 0)) <= TIME(8,50,0), (IF(ISNUMBER(D4), D4, IFERROR(TIMEVALUE(D4), 0)) - IF(ISNUMBER(C4), C4, IFERROR(TIMEVALUE(C4), 0))) >= TIME(8,0,0) ), "On Time", "Late" ) ) ) ) -> Late | I4: 480
A5: Sheet 4 | B5: 2026-01-06 | C5: 9:21 AM | D5: 5:55 PM | E5: =IF(OR(C5="Absent",D5="Absent",C5="",D5=""),"", (D5-C5)*1440) -> 514 | F5: =IF(OR(C5="",C5="Absent"),"", MAX(0,(C5 - TIME(8,50,0))*1440)) -> 31 | G5: =IF(C5="","", MAX(0,480 - E5)) -> 0 | H5: =IF(OR(TRIM(C5)="Absent", TRIM(C5)="ABSENT"), "Absent", IF(OR(TRIM(C5)="", TRIM(C5)="-", TRIM(D5)="", TRIM(D5)="-"), "Missing", IF( IF(ISNUMBER(C5), C5, IFERROR(TIMEVALUE(C5), 0)) < TIME(8,30,0), "Early", IF( AND( IF(ISNUMBER(C5), C5, IFERROR(TIMEVALUE(C5), 0)) >= TIME(8,30,0), IF(ISNUMBER(C5), C5, IFERROR(TIMEVALUE(C5), 0)) <= TIME(8,50,0), (IF(ISNUMBER(D5), D5, IFERROR(TIMEVALUE(D5), 0)) - IF(ISNUMBER(C5), C5, IFERROR(TIMEVALUE(C5), 0))) >= TIME(8,0,0) ), "On Time", "Late" ) ) ) ) -> Late | I5: 480
A6: Sheet 4 | B6: 2026-01-07 | C6: 9:12 AM | D6: 5:28 PM | E6: =IF(OR(C6="Absent",D6="Absent",C6="",D6=""),"", (D6-C6)*1440) -> 496 | F6: =IF(OR(C6="",C6="Absent"),"", MAX(0,(C6 - TIME(8,50,0))*1440)) -> 22 | G6: =IF(C6="","", MAX(0,480 - E6)) -> 0 | H6: =IF(OR(TRIM(C6)="Absent", TRIM(C6)="ABSENT"), "Absent", IF(OR(TRIM(C6)="", TRIM(C6)="-", TRIM(D6)="", TRIM(D6)="-"), "Missing", IF( IF(ISNUMBER(C6), C6, IFERROR(TIMEVALUE(C6), 0)) < TIME(8,30,0), "Early", IF( AND( IF(ISNUMBER(C6), C6, IFERROR(TIMEVALUE(C6), 0)) >= TIME(8,30,0), IF(ISNUMBER(C6), C6, IFERROR(TIMEVALUE(C6), 0)) <= TIME(8,50,0), (IF(ISNUMBER(D6), D6, IFERROR(TIMEVALUE(D6), 0)) - IF(ISNUMBER(C6), C6, IFERROR(TIMEVALUE(C6), 0))) >= TIME(8,0,0) ), "On Time", "Late" ) ) ) ) -> Late | I6: 480
A7: Sheet 4 | B7: 2026-01-08 | C7: 9:25 AM | D7: 5:50 PM | E7: =IF(OR(C7="Absent",D7="Absent",C7="",D7=""),"", (D7-C7)*1440) -> 505 | F7: =IF(OR(C7="",C7="Absent"),"", MAX(0,(C7 - TIME(8,50,0))*1440)) -> 35 | G7: =IF(C7="","", MAX(0,480 - E7)) -> 0 | H7: =IF(OR(TRIM(C7)="Absent", TRIM(C7)="ABSENT"), "Absent", IF(OR(TRIM(C7)="", TRIM(C7)="-", TRIM(D7)="", TRIM(D7)="-"), "Missing", IF( IF(ISNUMBER(C7), C7, IFERROR(TIMEVALUE(C7), 0)) < TIME(8,30,0), "Early", IF( AND( IF(ISNUMBER(C7), C7, IFERROR(TIMEVALUE(C7), 0)) >= TIME(8,30,0), IF(ISNUMBER(C7), C7, IFERROR(TIMEVALUE(C7), 0)) <= TIME(8,50,0), (IF(ISNUMBER(D7), D7, IFERROR(TIMEVALUE(D7), 0)) - IF(ISNUMBER(C7), C7, IFERROR(TIMEVALUE(C7), 0))) >= TIME(8,0,0) ), "On Time", "Late" ) ) ) ) -> Late | I7: 480
A8: Sheet 4 | B8: 2026-01-09 | C8: 9:13 AM | D8: 4:45 PM | E8: =IF(OR(C8="Absent",D8="Absent",C8="",D8=""),"", (D8-C8)*1440) -> 452 | F8: =IF(OR(C8="",C8="Absent"),"", MAX(0,(C8 - TIME(8,50,0))*1440)) -> 23 | G8: =IF(C8="","", MAX(0,480 - E8)) -> 28 | H8: =IF(OR(TRIM(C8)="Absent", TRIM(C8)="ABSENT"), "Absent", IF(OR(TRIM(C8)="", TRIM(C8)="-", TRIM(D8)="", TRIM(D8)="-"), "Missing", IF( IF(ISNUMBER(C8), C8, IFERROR(TIMEVALUE(C8), 0)) < TIME(8,30,0), "Early", IF( AND( IF(ISNUMBER(C8), C8, IFERROR(TIMEVALUE(C8), 0)) >= TIME(8,30,0), IF(ISNUMBER(C8), C8, IFERROR(TIMEVALUE(C8), 0)) <= TIME(8,50,0), (IF(ISNUMBER(D8), D8, IFERROR(TIMEVALUE(D8), 0)) - IF(ISNUMBER(C8), C8, IFERROR(TIMEVALUE(C8), 0))) >= TIME(8,0,0) ), "On Time", "Late" ) ) ) ) -> Late | I8: 480
A9: Sheet 4 | B9: 2026-01-12 | C9: 9:07 AM | D9: - | E9: =IF(OR(C9="Absent",D9="Absent",C9="",D9=""),"", (D9-C9)*1440) -> #VALUE! | F9: =IF(OR(C9="",C9="Absent"),"", MAX(0,(C9 - TIME(8,50,0))*1440)) -> 17 | G9: =IF(C9="","", MAX(0,480 - E9)) -> #VALUE! | H9: =IF(OR(TRIM(C9)="Absent", TRIM(C9)="ABSENT"), "Absent", IF(OR(TRIM(C9)="", TRIM(C9)="-", TRIM(D9)="", TRIM(D9)="-"), "Missing", IF( IF(ISNUMBER(C9), C9, IFERROR(TIMEVALUE(C9), 0)) < TIME(8,30,0), "Early", IF( AND( IF(ISNUMBER(C9), C9, IFERROR(TIMEVALUE(C9), 0)) >= TIME(8,30,0), IF(ISNUMBER(C9), C9, IFERROR(TIMEVALUE(C9), 0)) <= TIME(8,50,0), (IF(ISNUMBER(D9), D9, IFERROR(TIMEVALUE(D9), 0)) - IF(ISNUMBER(C9), C9, IFERROR(TIMEVALUE(C9), 0))) >= TIME(8,0,0) ), "On Time", "Late" ) ) ) ) -> Missing | I9: 480
A10: Sheet 4 | B10: 2026-01-13 | C10: 9:16 AM | D10: 6:12 PM | E10: =IF(OR(C10="Absent",D10="Absent",C10="",D10=""),"", (D10-C10)*1440) -> 536 | F10: =IF(OR(C10="",C10="Absent"),"", MAX(0,(C10 - TIME(8,50,0))*1440)) -> 26 | G10: =IF(C10="","", MAX(0,480 - E10)) -> 0 | H10: =IF(OR(TRIM(C10)="Absent", TRIM(C10)="ABSENT"), "Absent", IF(OR(TRIM(C10)="", TRIM(C10)="-", TRIM(D10)="", TRIM(D10)="-"), "Missing", IF( IF(ISNUMBER(C10), C10, IFERROR(TIMEVALUE(C10), 0)) < TIME(8,30,0), "Early", IF( AND( IF(ISNUMBER(C10), C10, IFERROR(TIMEVALUE(C10), 0)) >= TIME(8,30,0), IF(ISNUMBER(C10), C10, IFERROR(TIMEVALUE(C10), 0)) <= TIME(8,50,0), (IF(ISNUMBER(D10), D10, IFERROR(TIMEVALUE(D10), 0)) - IF(ISNUMBER(C10), C10, IFERROR(TIMEVALUE(C10), 0))) >= TIME(8,0,0) ), "On Time", "Late" ) ) ) ) -> Late | I10: 480
A11: Sheet 4 | B11: 2026-01-14 | C11: 9:27 AM | D11: 9:27 AM | E11: =IF(OR(C11="Absent",D11="Absent",C11="",D11=""),"", (D11-C11)*1440) -> 0 | F11: =IF(OR(C11="",C11="Absent"),"", MAX(0,(C11 - TIME(8,50,0))*1440)) -> 37 | G11: =IF(C11="","", MAX(0,480 - E11)) -> 480 | H11: =IF(OR(TRIM(C11)="Absent", TRIM(C11)="ABSENT"), "Absent", IF(OR(TRIM(C11)="", TRIM(C11)="-", TRIM(D11)="", TRIM(D11)="-"), "Missing", IF( IF(ISNUMBER(C11), C11, IFERROR(TIMEVALUE(C11), 0)) < TIME(8,30,0), "Early", IF( AND( IF(ISNUMBER(C11), C11, IFERROR(TIMEVALUE(C11), 0)) >= TIME(8,30,0), IF(ISNUMBER(C11), C11, IFERROR(TIMEVALUE(C11), 0)) <= TIME(8,50,0), (IF(ISNUMBER(D11), D11, IFERROR(TIMEVALUE(D11), 0)) - IF(ISNUMBER(C11), C11, IFERROR(TIMEVALUE(C11), 0))) >= TIME(8,0,0) ), "On Time", "Late" ) ) ) ) -> Late | I11: 480
A12: Sheet 4 | B12: 2026-01-15 | C12: Absent | D12: - | E12: =IF(OR(C12="Absent",D12="Absent",C12="",D12=""),"", (D12-C12)*1440) | F12: =IF(OR(C12="",C12="Absent"),"", MAX(0,(C12 - TIME(8,50,0))*1440)) | G12: =IF(C12="","", MAX(0,480 - E12)) -> #VALUE! | H12: =IF(OR(TRIM(C12)="Absent", TRIM(C12)="ABSENT"), "Absent", IF(OR(TRIM(C12)="", TRIM(C12)="-", TRIM(D12)="", TRIM(D12)="-"), "Missing", IF( IF(ISNUMBER(C12), C12, IFERROR(TIMEVALUE(C12), 0)) < TIME(8,30,0), "Early", IF( AND( IF(ISNUMBER(C12), C12, IFERROR(TIMEVALUE(C12), 0)) >= TIME(8,30,0), IF(ISNUMBER(C12), C12, IFERROR(TIMEVALUE(C12), 0)) <= TIME(8,50,0), (IF(ISNUMBER(D12), D12, IFERROR(TIMEVALUE(D12), 0)) - IF(ISNUMBER(C12), C12, IFERROR(TIMEVALUE(C12), 0))) >= TIME(8,0,0) ), "On Time", "Late" ) ) ) ) -> Absent | I12: 480
A13: Sheet 4 | B13: 2026-01-16 | C13: 9:28 AM | D13: - | E13: =IF(OR(C13="Absent",D13="Absent",C13="",D13=""),"", (D13-C13)*1440) -> #VALUE! | F13: =IF(OR(C13="",C13="Absent"),"", MAX(0,(C13 - TIME(8,50,0))*1440)) -> 38 | G13: =IF(C13="","", MAX(0,480 - E13)) -> #VALUE! | H13: =IF(OR(TRIM(C13)="Absent", TRIM(C13)="ABSENT"), "Absent", IF(OR(TRIM(C13)="", TRIM(C13)="-", TRIM(D13)="", TRIM(D13)="-"), "Missing", IF( IF(ISNUMBER(C13), C13, IFERROR(TIMEVALUE(C13), 0)) < TIME(8,30,0), "Early", IF( AND( IF(ISNUMBER(C13), C13, IFERROR(TIMEVALUE(C13), 0)) >= TIME(8,30,0), IF(ISNUMBER(C13), C13, IFERROR(TIMEVALUE(C13), 0)) <= TIME(8,50,0), (IF(ISNUMBER(D13), D13, IFERROR(TIMEVALUE(D13), 0)) - IF(ISNUMBER(C13), C13, IFERROR(TIMEVALUE(C13), 0))) >= TIME(8,0,0) ), "On Time", "Late" ) ) ) ) -> Missing | I13: 480
... A23: Sheet 4 | B23: 2026-01-30 | C23: Absent | D23: - | E23: =IF(OR(C23="Absent",D23="Absent",C23="",D23=""),"", (D23-C23)*1440) | F23: =IF(OR(C23="",C23="Absent"),"", MAX(0,(C23 - TIME(8,50,0))*1440)) | G23: =IF(C23="","", MAX(0,480 - E23)) -> #VALUE! | H23: =IF(OR(TRIM(C23)="Absent", TRIM(C23)="ABSENT"), "Absent", IF(OR(TRIM(C23)="", TRIM(C23)="-", TRIM(D23)="", TRIM(D23)="-"), "Missing", IF( IF(ISNUMBER(C23), C23, IFERROR(TIMEVALUE(C23), 0)) < TIME(8,30,0), "Early", IF( AND( IF(ISNUMBER(C23), C23, IFERROR(TIMEVALUE(C23), 0)) >= TIME(8,30,0), IF(ISNUMBER(C23), C23, IFERROR(TIMEVALUE(C23), 0)) <= TIME(8,50,0), (IF(ISNUMBER(D23), D23, IFERROR(TIMEVALUE(D23), 0)) - IF(ISNUMBER(C23), C23, IFERROR(TIMEVALUE(C23), 0))) >= TIME(8,0,0) ), "On Time", "Late" ) ) ) ) -> Absent | I23: 480

Sheet Sheet 3
A1: Name | B1: Date | C1: Time In | D1: Time Out | E1: Worked Minutes | F1: Late Minutes | G1: Less Than 8 Hours | H1: Status | I1: Target time | J1: Comments
A2: Sheet 3 | B2: 2026-01-01 | C2: 9:08 AM | D2: 5:51 PM | E2: =IF(OR(C2="Absent",D2="Absent",C2="",D2=""),"", (D2-C2)*1440) -> 523 | F2: =IF(OR(C2="",C2="Absent"),"", MAX(0,(C2 - TIME(8,50,0))*1440)) -> 18 | G2: =IF(C2="","", MAX(0,480 - E2)) -> 0 | H2: =IF(OR(TRIM(C2)="Absent", TRIM(C2)="ABSENT"), "Absent", IF(OR(TRIM(C2)="", TRIM(C2)="-", TRIM(D2)="", TRIM(D2)="-"), "Missing", IF( IF(ISNUMBER(C2), C2, IFERROR(TIMEVALUE(C2), 0)) < TIME(8,30,0), "Early", IF( AND( IF(ISNUMBER(C2), C2, IFERROR(TIMEVALUE(C2), 0)) >= TIME(8,30,0), IF(ISNUMBER(C2), C2, IFERROR(TIMEVALUE(C2), 0)) <= TIME(8,50,0), (IF(ISNUMBER(D2), D2, IFERROR(TIMEVALUE(D2), 0)) - IF(ISNUMBER(C2), C2, IFERROR(TIMEVALUE(C2), 0))) >= TIME(8,0,0) ), "On Time", "Late" ) ) ) ) -> Late | I2: 480
A3: Sheet 3 | B3: 2026-01-02 | C3: 9:29 AM | D3: - | E3: =IF(OR(C3="Absent",D3="Absent",C3="",D3=""),"", (D3-C3)*1440) -> #VALUE! | F3: =IF(OR(C3="",C3="Absent"),"", MAX(0,(C3 - TIME(8,50,0))*1440)) -> 39 | G3: =IF(C3="","", MAX(0,480 - E3)) -> #VALUE! | H3: =IF(OR(TRIM(C3)="Absent", TRIM(C3)="ABSENT"), "Absent", IF(OR(TRIM(C3)="", TRIM(C3)="-", TRIM(D3)="", TRIM(D3)="-"), "Missing", IF( IF(ISNUMBER(C3), C3, IFERROR(TIMEVALUE(C3), 0)) < TIME(8,30,0), "Early", IF( AND( IF(ISNUMBER(C3), C3, IFERROR(TIMEVALUE(C3), 0)) >= TIME(8,30,0), IF(ISNUMBER(C3), C3, IFERROR(TIMEVALUE(C3), 0)) <= TIME(8,50,0), (IF(ISNUMBER(D3), D3, IFERROR(TIMEVALUE(D3), 0)) - IF(ISNUMBER(C3), C3, IFERROR(TIMEVALUE(C3), 0))) >= TIME(8,0,0) ), "On Time", "Late" ) ) ) ) -> Missing | I3: 480
A4: Sheet 3 | B4: 2026-01-05 | C4: 9:11 AM | D4: 5:09 PM | E4: =IF(OR(C4="Absent",D4="Absent",C4="",D4=""),"", (D4-C4)*1440) -> 478 | F4: =IF(OR(C4="",C4="Absent"),"", MAX(0,(C4 - TIME(8,50,0))*1440)) -> 21 | G4: =IF(C4="","", MAX(0,480 - E4)) -> 2 | H4: =IF(OR(TRIM(C4)="Absent", TRIM(C4)="ABSENT"), "Absent", IF(OR(TRIM(C4)="", TRIM(C4)="-", TRIM(D4)="", TRIM(D4)="-"), "Missing", IF( IF(ISNUMBER(C4), C4, IFERROR(TIMEVALUE(C4), 0)) < TIME(8,30,0), "Early", IF( AND( IF(ISNUMBER(C4), C4, IFERROR(TIMEVALUE(C4), 0)) >= TIME(8,30,0), IF(ISNUMBER(C4), C4, IFERROR(TIMEVALUE(C4), 0)) <= TIME(8,50,0), (IF(ISNUMBER(D4), D4, IFERROR(TIMEVALUE(D4), 0)) - IF(ISNUMBER(C4), C4, IFERROR(TIMEVALUE(C4), 0))) >= TIME(8,0,0) ), "On Time", "Late" ) ) ) ) -> Late | I4: 480
A5: Sheet 3 | B5: 2026-01-06 | C5: 9:21 AM | D5: 5:55 PM | E5: =IF(OR(C5="Absent",D5="Absent",C5="",D5=""),"", (D5-C5)*1440) -> 514 | F5: =IF(OR(C5="",C5="Absent"),"", MAX(0,(C5 - TIME(8,50,0))*1440)) -> 31 | G5: =IF(C5="","", MAX(0,480 - E5)) -> 0 | H5: =IF(OR(TRIM(C5)="Absent", TRIM(C5)="ABSENT"), "Absent", IF(OR(TRIM(C5)="", TRIM(C5)="-", TRIM(D5)="", TRIM(D5)="-"), "Missing", IF( IF(ISNUMBER(C5), C5, IFERROR(TIMEVALUE(C5), 0)) < TIME(8,30,0), "Early", IF( AND( IF(ISNUMBER(C5), C5, IFERROR(TIMEVALUE(C5), 0)) >= TIME(8,30,0), IF(ISNUMBER(C5), C5, IFERROR(TIMEVALUE(C5), 0)) <= TIME(8,50,0), (IF(ISNUMBER(D5), D5, IFERROR(TIMEVALUE(D5), 0)) - IF(ISNUMBER(C5), C5, IFERROR(TIMEVALUE(C5), 0))) >= TIME(8,0,0) ), "On Time", "Late" ) ) ) ) -> Late | I5: 480
A6: Sheet 3 | B6: 2026-01-07 | C6: 9:12 AM | D6: 5:28 PM | E6: =IF(OR(C6="Absent",D6="Absent",C6="",D6=""),"", (D6-C6)*1440) -> 496 | F6: =IF(OR(C6="",C6="Absent"),"", MAX(0,(C6 - TIME(8,50,0))*1440)) -> 22 | G6: =IF(C6="","", MAX(0,480 - E6)) -> 0 | H6: =IF(OR(TRIM(C6)="Absent", TRIM(C6)="ABSENT"), "Absent", IF(OR(TRIM(C6)="", TRIM(C6)="-", TRIM(D6)="", TRIM(D6)="-"), "Missing", IF( IF(ISNUMBER(C6), C6, IFERROR(TIMEVALUE(C6), 0)) < TIME(8,30,0), "Early", IF( AND( IF(ISNUMBER(C6), C6, IFERROR(TIMEVALUE(C6), 0)) >= TIME(8,30,0), IF(ISNUMBER(C6), C6, IFERROR(TIMEVALUE(C6), 0)) <= TIME(8,50,0), (IF(ISNUMBER(D6), D6, IFERROR(TIMEVALUE(D6), 0)) - IF(ISNUMBER(C6), C6, IFERROR(TIMEVALUE(C6), 0))) >= TIME(8,0,0) ), "On Time", "Late" ) ) ) ) -> Late | I6: 480
